"","playerId","round","pick"
"5",20000005,1,5
"8",20000008,1,8
"9",20000009,1,9
"10",20000010,1,10
"18",20000018,1,18
"20",20000020,1,20
"21",20000021,1,21
"22",20000022,1,22
"23",20000023,1,23
"25",20000025,1,25
"26",20000026,1,26
"27",20000027,1,27
"28",20000028,1,28
"29",20000029,1,29
"30",20000030,1,30
"31",20000031,1,31
"32",20000032,2,32
"33",20000033,2,33
"35",20000035,2,35
"37",20000037,2,37
"38",20000038,2,38
"39",20000039,2,39
"40",20000040,2,40
"42",20000042,2,42
"43",20000043,2,43
"44",20000044,2,44
"45",20000045,2,45
"46",20000046,2,46
"48",20000048,2,48
"50",20000050,2,50
"51",20000051,2,51
"52",20000052,2,52
"53",20000053,2,53
"54",20000054,2,54
"55",20000055,2,55
"56",20000056,2,56
"57",20000057,2,57
"58",20000058,2,58
"59",20000059,2,59
"60",20000060,2,60
"61",20000061,2,61
"62",20000062,2,62
"63",20000063,3,63
"64",20000064,3,64
"65",20000065,3,65
"66",20000066,3,66
"67",20000067,3,67
"69",20000069,3,69
"70",20000070,3,70
"72",20000072,3,72
"74",20000074,3,74
"75",20000075,3,75
"76",20000076,3,76
"77",20000077,3,77
"78",20000078,3,78
"79",20000079,3,79
"80",20000080,3,80
"81",20000081,3,81
"82",20000082,3,82
"83",20000083,3,83
"84",20000084,3,84
"86",20000086,3,86
"87",20000087,3,87
"88",20000088,3,88
"89",20000089,3,89
"91",20000091,3,91
"92",20000092,3,92
"93",20000093,3,93
"94",20000094,3,94
"95",20000095,4,95
"96",20000096,4,96
"97",20000097,4,97
"99",20000099,4,99
"100",20000100,4,100
"101",20000101,4,101
"102",20000102,4,102
"104",20000104,4,104
"106",20000106,4,106
"109",20000109,4,109
"110",20000110,4,110
"111",20000111,4,111
"112",20000112,4,112
"113",20000113,4,113
"114",20000114,4,114
"115",20000115,4,115
"116",20000116,4,116
"117",20000117,4,117
"118",20000118,4,118
"120",20000120,4,120
"122",20000122,4,122
"123",20000123,4,123
"124",20000124,4,124
"125",20000125,4,125
"127",20000127,4,127
"128",20000128,4,128
"129",20000129,4,129
"130",20000130,5,130
"131",20000131,5,131
"132",20000132,5,132
"133",20000133,5,133
"135",20000135,5,135
"136",20000136,5,136
"137",20000137,5,137
"138",20000138,5,138
"139",20000139,5,139
"140",20000140,5,140
"141",20000141,5,141
"143",20000143,5,143
"145",20000145,5,145
"148",20000148,5,148
"149",20000149,5,149
"152",20000152,5,152
"153",20000153,5,153
"154",20000154,5,154
"156",20000156,5,156
"157",20000157,5,157
"158",20000158,5,158
"163",20000163,5,163
"164",20000164,5,164
"165",20000165,5,165
"166",20000166,5,166
"167",20000167,6,167
"168",20000168,6,168
"171",20000171,6,171
"172",20000172,6,172
"173",20000173,6,173
"175",20000175,6,175
"176",20000176,6,176
"177",20000177,6,177
"178",20000178,6,178
"179",20000179,6,179
"180",20000180,6,180
"181",20000181,6,181
"182",20000182,6,182
"183",20000183,6,183
"184",20000184,6,184
"186",20000186,6,186
"187",20000187,6,187
"188",20000188,6,188
"191",20000191,6,191
"194",20000194,6,194
"198",20000198,6,198
"199",20000199,6,199
"200",20000200,6,200
"202",20000202,6,202
"203",20000203,6,203
"204",20000204,6,204
"206",20000206,6,206
"207",20000207,7,207
"211",20000211,7,211
"212",20000212,7,212
"213",20000213,7,213
"214",20000214,7,214
"215",20000215,7,215
"218",20000218,7,218
"220",20000220,7,220
"222",20000222,7,222
"224",20000224,7,224
"225",20000225,7,225
"227",20000227,7,227
"232",20000232,7,232
"234",20000234,7,234
"236",20000236,7,236
"237",20000237,7,237
"241",20000241,7,241
"242",20000242,7,242
"243",20000243,7,243
"245",20000245,7,245
"247",20000247,7,247
"250",20000250,7,250
"251",20000251,7,251
"252",20000252,7,252
"254",20000254,7,254
"255",20010001,1,1
"256",20010002,1,2
"258",20010004,1,4
"259",20010005,1,5
"261",20010007,1,7
"262",20010008,1,8
"263",20010009,1,9
"264",20010010,1,10
"266",20010012,1,12
"267",20010013,1,13
"268",20010014,1,14
"269",20010015,1,15
"270",20010016,1,16
"271",20010017,1,17
"272",20010018,1,18
"273",20010019,1,19
"274",20010020,1,20
"276",20010022,1,22
"277",20010023,1,23
"278",20010024,1,24
"279",20010025,1,25
"281",20010027,1,27
"282",20010028,1,28
"284",20010030,1,30
"285",20010031,1,31
"286",20010032,2,32
"287",20010033,2,33
"288",20010034,2,34
"289",20010035,2,35
"290",20010036,2,36
"291",20010037,2,37
"292",20010038,2,38
"293",20010039,2,39
"295",20010041,2,41
"297",20010043,2,43
"298",20010044,2,44
"300",20010046,2,46
"301",20010047,2,47
"302",20010048,2,48
"303",20010049,2,49
"304",20010050,2,50
"305",20010051,2,51
"306",20010052,2,52
"307",20010053,2,53
"308",20010054,2,54
"309",20010055,2,55
"310",20010056,2,56
"311",20010057,2,57
"312",20010058,2,58
"313",20010059,2,59
"316",20010062,2,62
"317",20010063,3,63
"318",20010064,3,64
"319",20010065,3,65
"320",20010066,3,66
"321",20010067,3,67
"322",20010068,3,68
"323",20010069,3,69
"324",20010070,3,70
"325",20010071,3,71
"327",20010073,3,73
"328",20010074,3,74
"329",20010075,3,75
"330",20010076,3,76
"331",20010077,3,77
"332",20010078,3,78
"333",20010079,3,79
"334",20010080,3,80
"335",20010081,3,81
"336",20010082,3,82
"337",20010083,3,83
"338",20010084,3,84
"339",20010085,3,85
"340",20010086,3,86
"341",20010087,3,87
"342",20010088,3,88
"344",20010090,3,90
"345",20010091,3,91
"346",20010092,3,92
"348",20010094,3,94
"349",20010095,3,95
"350",20010096,4,96
"351",20010097,4,97
"353",20010099,4,99
"354",20010100,4,100
"355",20010101,4,101
"356",20010102,4,102
"357",20010103,4,103
"358",20010104,4,104
"359",20010105,4,105
"361",20010107,4,107
"362",20010108,4,108
"363",20010109,4,109
"364",20010110,4,110
"365",20010111,4,111
"366",20010112,4,112
"367",20010113,4,113
"368",20010114,4,114
"369",20010115,4,115
"371",20010117,4,117
"372",20010118,4,118
"373",20010119,4,119
"375",20010121,4,121
"376",20010122,4,122
"377",20010123,4,123
"378",20010124,4,124
"379",20010125,4,125
"380",20010126,4,126
"381",20010127,4,127
"382",20010128,4,128
"383",20010129,4,129
"384",20010130,4,130
"385",20010131,4,131
"386",20010132,5,132
"387",20010133,5,133
"388",20010134,5,134
"389",20010135,5,135
"390",20010136,5,136
"391",20010137,5,137
"392",20010138,5,138
"394",20010140,5,140
"395",20010141,5,141
"397",20010143,5,143
"398",20010144,5,144
"399",20010145,5,145
"400",20010146,5,146
"401",20010147,5,147
"402",20010148,5,148
"403",20010149,5,149
"404",20010150,5,150
"405",20010151,5,151
"406",20010152,5,152
"410",20010156,5,156
"411",20010157,5,157
"413",20010159,5,159
"416",20010162,5,162
"419",20010165,6,165
"420",20010166,6,166
"423",20010169,6,169
"424",20010170,6,170
"425",20010171,6,171
"426",20010172,6,172
"427",20010173,6,173
"428",20010174,6,174
"430",20010176,6,176
"431",20010177,6,177
"433",20010179,6,179
"434",20010180,6,180
"437",20010183,6,183
"438",20010184,6,184
"440",20010186,6,186
"442",20010188,6,188
"443",20010189,6,189
"444",20010190,6,190
"445",20010191,6,191
"446",20010192,6,192
"449",20010195,6,195
"450",20010196,6,196
"452",20010198,6,198
"453",20010199,6,199
"454",20010200,6,200
"456",20010202,7,202
"457",20010203,7,203
"459",20010205,7,205
"462",20010208,7,208
"463",20010209,7,209
"464",20010210,7,210
"465",20010211,7,211
"466",20010212,7,212
"468",20010214,7,214
"469",20010215,7,215
"471",20010217,7,217
"472",20010218,7,218
"473",20010219,7,219
"474",20010220,7,220
"475",20010221,7,221
"476",20010222,7,222
"481",20010227,7,227
"482",20010228,7,228
"483",20010229,7,229
"484",20010230,7,230
"485",20010231,7,231
"486",20010232,7,232
"487",20010233,7,233
"488",20010234,7,234
"489",20010235,7,235
"490",20010236,7,236
"493",20010239,7,239
"496",20010242,7,242
"498",20010244,7,244
"499",20010245,7,245
"501",20020001,1,1
"503",20020003,1,3
"504",20020004,1,4
"505",20020005,1,5
"506",20020006,1,6
"508",20020008,1,8
"509",20020009,1,9
"510",20020010,1,10
"511",20020011,1,11
"516",20020016,1,16
"520",20020020,1,20
"521",20020021,1,21
"522",20020022,1,22
"523",20020023,1,23
"525",20020025,1,25
"529",20020029,1,29
"530",20020030,1,30
"531",20020031,1,31
"532",20020032,1,32
"533",20020033,2,33
"534",20020034,2,34
"537",20020037,2,37
"538",20020038,2,38
"539",20020039,2,39
"541",20020041,2,41
"542",20020042,2,42
"543",20020043,2,43
"544",20020044,2,44
"545",20020045,2,45
"546",20020046,2,46
"547",20020047,2,47
"548",20020048,2,48
"549",20020049,2,49
"550",20020050,2,50
"552",20020052,2,52
"553",20020053,2,53
"554",20020054,2,54
"555",20020055,2,55
"556",20020056,2,56
"557",20020057,2,57
"558",20020058,2,58
"559",20020059,2,59
"560",20020060,2,60
"561",20020061,2,61
"562",20020062,2,62
"563",20020063,2,63
"565",20020065,2,65
"566",20020066,3,66
"570",20020070,3,70
"571",20020071,3,71
"572",20020072,3,72
"573",20020073,3,73
"574",20020074,3,74
"576",20020076,3,76
"577",20020077,3,77
"579",20020079,3,79
"580",20020080,3,80
"581",20020081,3,81
"582",20020082,3,82
"583",20020083,3,83
"584",20020084,3,84
"585",20020085,3,85
"587",20020087,3,87
"588",20020088,3,88
"589",20020089,3,89
"590",20020090,3,90
"591",20020091,3,91
"592",20020092,3,92
"593",20020093,3,93
"594",20020094,3,94
"595",20020095,3,95
"596",20020096,3,96
"597",20020097,3,97
"598",20020098,3,98
"600",20020100,4,100
"601",20020101,4,101
"603",20020103,4,103
"605",20020105,4,105
"606",20020106,4,106
"607",20020107,4,107
"608",20020108,4,108
"611",20020111,4,111
"613",20020113,4,113
"614",20020114,4,114
"615",20020115,4,115
"616",20020116,4,116
"617",20020117,4,117
"618",20020118,4,118
"619",20020119,4,119
"620",20020120,4,120
"621",20020121,4,121
"623",20020123,4,123
"624",20020124,4,124
"625",20020125,4,125
"626",20020126,4,126
"627",20020127,4,127
"628",20020128,4,128
"629",20020129,4,129
"631",20020131,4,131
"632",20020132,4,132
"633",20020133,4,133
"636",20020136,5,136
"637",20020137,5,137
"638",20020138,5,138
"639",20020139,5,139
"640",20020140,5,140
"641",20020141,5,141
"642",20020142,5,142
"643",20020143,5,143
"644",20020144,5,144
"645",20020145,5,145
"646",20020146,5,146
"647",20020147,5,147
"649",20020149,5,149
"650",20020150,5,150
"651",20020151,5,151
"654",20020154,5,154
"655",20020155,5,155
"657",20020157,5,157
"658",20020158,5,158
"660",20020160,5,160
"661",20020161,5,161
"662",20020162,5,162
"663",20020163,5,163
"666",20020166,5,166
"667",20020167,5,167
"669",20020169,5,169
"671",20020171,5,171
"672",20020172,5,172
"673",20020173,6,173
"674",20020174,6,174
"676",20020176,6,176
"677",20020177,6,177
"678",20020178,6,178
"680",20020180,6,180
"681",20020181,6,181
"684",20020184,6,184
"685",20020185,6,185
"686",20020186,6,186
"688",20020188,6,188
"692",20020192,6,192
"693",20020193,6,193
"697",20020197,6,197
"698",20020198,6,198
"699",20020199,6,199
"701",20020201,6,201
"702",20020202,6,202
"704",20020204,6,204
"706",20020206,6,206
"707",20020207,6,207
"709",20020209,6,209
"712",20020212,7,212
"713",20020213,7,213
"715",20020215,7,215
"718",20020218,7,218
"722",20020222,7,222
"723",20020223,7,223
"724",20020224,7,224
"728",20020228,7,228
"731",20020231,7,231
"734",20020234,7,234
"735",20020235,7,235
"738",20020238,7,238
"739",20020239,7,239
"740",20020240,7,240
"741",20020241,7,241
"742",20020242,7,242
"745",20020245,7,245
"746",20020246,7,246
"748",20020248,7,248
"750",20020250,7,250
"753",20020253,7,253
"754",20020254,7,254
"755",20020255,7,255
"757",20020257,7,257
"759",20020259,7,259
"760",20020260,7,260
"762",20030001,1,1
"764",20030003,1,3
"766",20030005,1,5
"767",20030006,1,6
"768",20030007,1,7
"769",20030008,1,8
"770",20030009,1,9
"772",20030011,1,11
"774",20030013,1,13
"775",20030014,1,14
"776",20030015,1,15
"779",20030018,1,18
"780",20030019,1,19
"781",20030020,1,20
"783",20030022,1,22
"785",20030024,1,24
"786",20030025,1,25
"787",20030026,1,26
"788",20030027,1,27
"789",20030028,1,28
"790",20030029,1,29
"791",20030030,1,30
"792",20030031,1,31
"793",20030032,1,32
"794",20030033,2,33
"795",20030034,2,34
"796",20030035,2,35
"797",20030036,2,36
"798",20030037,2,37
"800",20030039,2,39
"801",20030040,2,40
"802",20030041,2,41
"803",20030042,2,42
"804",20030043,2,43
"806",20030045,2,45
"807",20030046,2,46
"808",20030047,2,47
"809",20030048,2,48
"811",20030050,2,50
"812",20030051,2,51
"813",20030052,2,52
"814",20030053,2,53
"815",20030054,2,54
"816",20030055,2,55
"818",20030057,2,57
"820",20030059,2,59
"821",20030060,2,60
"822",20030061,2,61
"823",20030062,2,62
"824",20030063,2,63
"825",20030064,2,64
"827",20030066,3,66
"828",20030067,3,67
"829",20030068,3,68
"830",20030069,3,69
"831",20030070,3,70
"832",20030071,3,71
"833",20030072,3,72
"834",20030073,3,73
"835",20030074,3,74
"836",20030075,3,75
"837",20030076,3,76
"838",20030077,3,77
"839",20030078,3,78
"842",20030081,3,81
"843",20030082,3,82
"848",20030087,3,87
"849",20030088,3,88
"850",20030089,3,89
"851",20030090,3,90
"852",20030091,3,91
"855",20030094,3,94
"857",20030096,3,96
"858",20030097,3,97
"859",20030098,4,98
"861",20030100,4,100
"862",20030101,4,101
"863",20030102,4,102
"864",20030103,4,103
"865",20030104,4,104
"866",20030105,4,105
"868",20030107,4,107
"869",20030108,4,108
"870",20030109,4,109
"871",20030110,4,110
"872",20030111,4,111
"874",20030113,4,113
"875",20030114,4,114
"877",20030116,4,116
"878",20030117,4,117
"879",20030118,4,118
"880",20030119,4,119
"881",20030120,4,120
"882",20030121,4,121
"883",20030122,4,122
"884",20030123,4,123
"885",20030124,4,124
"887",20030126,4,126
"888",20030127,4,127
"889",20030128,4,128
"890",20030129,4,129
"891",20030130,4,130
"892",20030131,4,131
"893",20030132,4,132
"894",20030133,4,133
"895",20030134,4,134
"896",20030135,4,135
"897",20030136,5,136
"898",20030137,5,137
"900",20030139,5,139
"901",20030140,5,140
"902",20030141,5,141
"906",20030145,5,145
"907",20030146,5,146
"908",20030147,5,147
"909",20030148,5,148
"911",20030150,5,150
"912",20030151,5,151
"913",20030152,5,152
"914",20030153,5,153
"915",20030154,5,154
"917",20030156,5,156
"918",20030157,5,157
"919",20030158,5,158
"921",20030160,5,160
"922",20030161,5,161
"923",20030162,5,162
"924",20030163,5,163
"925",20030164,5,164
"926",20030165,5,165
"928",20030167,5,167
"929",20030168,5,168
"930",20030169,5,169
"931",20030170,5,170
"932",20030171,5,171
"933",20030172,5,172
"934",20030173,5,173
"935",20030174,6,174
"937",20030176,6,176
"938",20030177,6,177
"939",20030178,6,178
"943",20030182,6,182
"945",20030184,6,184
"946",20030185,6,185
"948",20030187,6,187
"949",20030188,6,188
"950",20030189,6,189
"951",20030190,6,190
"952",20030191,6,191
"955",20030194,6,194
"957",20030196,6,196
"958",20030197,6,197
"959",20030198,6,198
"962",20030201,6,201
"964",20030203,6,203
"965",20030204,6,204
"966",20030205,6,205
"969",20030208,6,208
"970",20030209,6,209
"971",20030210,6,210
"973",20030212,6,212
"976",20030215,7,215
"977",20030216,7,216
"978",20030217,7,217
"980",20030219,7,219
"982",20030221,7,221
"984",20030223,7,223
"986",20030225,7,225
"987",20030226,7,226
"988",20030227,7,227
"989",20030228,7,228
"990",20030229,7,229
"992",20030231,7,231
"995",20030234,7,234
"996",20030235,7,235
"997",20030236,7,236
"999",20030238,7,238
"1000",20030239,7,239
"1001",20030240,7,240
"1005",20030244,7,244
"1008",20030247,7,247
"1012",20030251,7,251
"1013",20030252,7,252
"1019",20030258,7,258
"1023",20030262,7,262
"1024",20040001,1,1
"1025",20040002,1,2
"1027",20040004,1,4
"1029",20040006,1,6
"1031",20040008,1,8
"1033",20040010,1,10
"1034",20040011,1,11
"1036",20040013,1,13
"1037",20040014,1,14
"1038",20040015,1,15
"1039",20040016,1,16
"1042",20040019,1,19
"1044",20040021,1,21
"1045",20040022,1,22
"1046",20040023,1,23
"1048",20040025,1,25
"1049",20040026,1,26
"1050",20040027,1,27
"1053",20040030,1,30
"1054",20040031,1,31
"1055",20040032,1,32
"1057",20040034,2,34
"1058",20040035,2,35
"1059",20040036,2,36
"1060",20040037,2,37
"1061",20040038,2,38
"1062",20040039,2,39
"1064",20040041,2,41
"1065",20040042,2,42
"1066",20040043,2,43
"1067",20040044,2,44
"1068",20040045,2,45
"1069",20040046,2,46
"1070",20040047,2,47
"1071",20040048,2,48
"1072",20040049,2,49
"1074",20040051,2,51
"1075",20040052,2,52
"1076",20040053,2,53
"1079",20040056,2,56
"1080",20040057,2,57
"1083",20040060,2,60
"1084",20040061,2,61
"1086",20040063,2,63
"1087",20040064,3,64
"1089",20040066,3,66
"1090",20040067,3,67
"1091",20040068,3,68
"1093",20040070,3,70
"1094",20040071,3,71
"1095",20040072,3,72
"1096",20040073,3,73
"1098",20040075,3,75
"1101",20040078,3,78
"1102",20040079,3,79
"1103",20040080,3,80
"1104",20040081,3,81
"1105",20040082,3,82
"1106",20040083,3,83
"1107",20040084,3,84
"1108",20040085,3,85
"1109",20040086,3,86
"1111",20040088,3,88
"1112",20040089,3,89
"1113",20040090,3,90
"1115",20040092,3,92
"1116",20040093,3,93
"1117",20040094,3,94
"1118",20040095,3,95
"1119",20040096,3,96
"1120",20040097,4,97
"1121",20040098,4,98
"1122",20040099,4,99
"1123",20040100,4,100
"1124",20040101,4,101
"1125",20040102,4,102
"1126",20040103,4,103
"1127",20040104,4,104
"1128",20040105,4,105
"1129",20040106,4,106
"1130",20040107,4,107
"1131",20040108,4,108
"1132",20040109,4,109
"1135",20040112,4,112
"1137",20040114,4,114
"1138",20040115,4,115
"1139",20040116,4,116
"1140",20040117,4,117
"1142",20040119,4,119
"1143",20040120,4,120
"1144",20040121,4,121
"1145",20040122,4,122
"1146",20040123,4,123
"1147",20040124,4,124
"1149",20040126,4,126
"1150",20040127,4,127
"1151",20040128,4,128
"1153",20040130,4,130
"1154",20040131,4,131
"1155",20040132,4,132
"1156",20040133,5,133
"1157",20040134,5,134
"1158",20040135,5,135
"1159",20040136,5,136
"1161",20040138,5,138
"1162",20040139,5,139
"1163",20040140,5,140
"1164",20040141,5,141
"1166",20040143,5,143
"1167",20040144,5,144
"1168",20040145,5,145
"1169",20040146,5,146
"1170",20040147,5,147
"1171",20040148,5,148
"1172",20040149,5,149
"1173",20040150,5,150
"1174",20040151,5,151
"1176",20040153,5,153
"1177",20040154,5,154
"1178",20040155,5,155
"1179",20040156,5,156
"1180",20040157,5,157
"1181",20040158,5,158
"1182",20040159,5,159
"1183",20040160,5,160
"1185",20040162,5,162
"1187",20040164,5,164
"1188",20040165,5,165
"1190",20040167,6,167
"1193",20040170,6,170
"1194",20040171,6,171
"1195",20040172,6,172
"1196",20040173,6,173
"1197",20040174,6,174
"1199",20040176,6,176
"1201",20040178,6,178
"1202",20040179,6,179
"1203",20040180,6,180
"1204",20040181,6,181
"1205",20040182,6,182
"1207",20040184,6,184
"1209",20040186,6,186
"1210",20040187,6,187
"1212",20040189,6,189
"1213",20040190,6,190
"1214",20040191,6,191
"1215",20040192,6,192
"1218",20040195,6,195
"1219",20040196,6,196
"1221",20040198,6,198
"1222",20040199,6,199
"1224",20040201,6,201
"1225",20040202,7,202
"1226",20040203,7,203
"1227",20040204,7,204
"1230",20040207,7,207
"1231",20040208,7,208
"1232",20040209,7,209
"1240",20040217,7,217
"1242",20040219,7,219
"1243",20040220,7,220
"1244",20040221,7,221
"1245",20040222,7,222
"1250",20040227,7,227
"1255",20040232,7,232
"1257",20040234,7,234
"1259",20040236,7,236
"1263",20040240,7,240
"1264",20040241,7,241
"1267",20040244,7,244
"1268",20040245,7,245
"1269",20040246,7,246
"1272",20040249,7,249
"1273",20040250,7,250
"1274",20040251,7,251
"1276",20040253,7,253
"1277",20040254,7,254
"1279",20050001,1,1
"1280",20050002,1,2
"1281",20050003,1,3
"1283",20050005,1,5
"1285",20050007,1,7
"1286",20050008,1,8
"1287",20050009,1,9
"1288",20050010,1,10
"1289",20050011,1,11
"1290",20050012,1,12
"1291",20050013,1,13
"1292",20050014,1,14
"1293",20050015,1,15
"1295",20050017,1,17
"1296",20050018,1,18
"1297",20050019,1,19
"1298",20050020,1,20
"1299",20050021,1,21
"1300",20050022,1,22
"1301",20050023,1,23
"1302",20050024,1,24
"1303",20050025,1,25
"1304",20050026,1,26
"1306",20050028,1,28
"1307",20050029,1,29
"1309",20050031,1,31
"1310",20050032,1,32
"1311",20050033,2,33
"1313",20050035,2,35
"1314",20050036,2,36
"1315",20050037,2,37
"1316",20050038,2,38
"1317",20050039,2,39
"1318",20050040,2,40
"1319",20050041,2,41
"1320",20050042,2,42
"1321",20050043,2,43
"1322",20050044,2,44
"1323",20050045,2,45
"1324",20050046,2,46
"1326",20050048,2,48
"1327",20050049,2,49
"1328",20050050,2,50
"1329",20050051,2,51
"1330",20050052,2,52
"1332",20050054,2,54
"1333",20050055,2,55
"1334",20050056,2,56
"1335",20050057,2,57
"1336",20050058,2,58
"1337",20050059,2,59
"1338",20050060,2,60
"1339",20050061,2,61
"1340",20050062,2,62
"1342",20050064,2,64
"1344",20050066,3,66
"1345",20050067,3,67
"1346",20050068,3,68
"1349",20050071,3,71
"1350",20050072,3,72
"1351",20050073,3,73
"1353",20050075,3,75
"1354",20050076,3,76
"1355",20050077,3,77
"1356",20050078,3,78
"1357",20050079,3,79
"1358",20050080,3,80
"1359",20050081,3,81
"1360",20050082,3,82
"1361",20050083,3,83
"1362",20050084,3,84
"1363",20050085,3,85
"1365",20050087,3,87
"1366",20050088,3,88
"1367",20050089,3,89
"1368",20050090,3,90
"1370",20050092,3,92
"1371",20050093,3,93
"1372",20050094,3,94
"1373",20050095,3,95
"1374",20050096,3,96
"1375",20050097,3,97
"1376",20050098,3,98
"1378",20050100,3,100
"1379",20050101,3,101
"1380",20050102,4,102
"1381",20050103,4,103
"1382",20050104,4,104
"1383",20050105,4,105
"1384",20050106,4,106
"1385",20050107,4,107
"1387",20050109,4,109
"1388",20050110,4,110
"1391",20050113,4,113
"1392",20050114,4,114
"1393",20050115,4,115
"1395",20050117,4,117
"1396",20050118,4,118
"1397",20050119,4,119
"1399",20050121,4,121
"1400",20050122,4,122
"1401",20050123,4,123
"1402",20050124,4,124
"1403",20050125,4,125
"1405",20050127,4,127
"1406",20050128,4,128
"1407",20050129,4,129
"1408",20050130,4,130
"1409",20050131,4,131
"1412",20050134,4,134
"1415",20050137,5,137
"1416",20050138,5,138
"1417",20050139,5,139
"1418",20050140,5,140
"1419",20050141,5,141
"1421",20050143,5,143
"1422",20050144,5,144
"1423",20050145,5,145
"1425",20050147,5,147
"1426",20050148,5,148
"1427",20050149,5,149
"1428",20050150,5,150
"1429",20050151,5,151
"1430",20050152,5,152
"1431",20050153,5,153
"1432",20050154,5,154
"1433",20050155,5,155
"1434",20050156,5,156
"1435",20050157,5,157
"1436",20050158,5,158
"1438",20050160,5,160
"1439",20050161,5,161
"1440",20050162,5,162
"1441",20050163,5,163
"1442",20050164,5,164
"1443",20050165,5,165
"1444",20050166,5,166
"1446",20050168,5,168
"1447",20050169,5,169
"1449",20050171,5,171
"1450",20050172,5,172
"1451",20050173,5,173
"1453",20050175,6,175
"1455",20050177,6,177
"1456",20050178,6,178
"1457",20050179,6,179
"1458",20050180,6,180
"1462",20050184,6,184
"1463",20050185,6,185
"1464",20050186,6,186
"1467",20050189,6,189
"1468",20050190,6,190
"1469",20050191,6,191
"1470",20050192,6,192
"1471",20050193,6,193
"1473",20050195,6,195
"1474",20050196,6,196
"1475",20050197,6,197
"1476",20050198,6,198
"1477",20050199,6,199
"1478",20050200,6,200
"1479",20050201,6,201
"1482",20050204,6,204
"1484",20050206,6,206
"1485",20050207,6,207
"1486",20050208,6,208
"1489",20050211,6,211
"1490",20050212,6,212
"1491",20050213,6,213
"1492",20050214,6,214
"1493",20050215,7,215
"1494",20050216,7,216
"1495",20050217,7,217
"1500",20050222,7,222
"1503",20050225,7,225
"1504",20050226,7,226
"1505",20050227,7,227
"1509",20050231,7,231
"1510",20050232,7,232
"1513",20050235,7,235
"1514",20050236,7,236
"1516",20050238,7,238
"1519",20050241,7,241
"1520",20050242,7,242
"1521",20050243,7,243
"1522",20050244,7,244
"1527",20050249,7,249
"1528",20050250,7,250
"1529",20050251,7,251
"1531",20050253,7,253
"1532",20050254,7,254
"1534",20060001,1,1
"1536",20060003,1,3
"1538",20060005,1,5
"1539",20060006,1,6
"1540",20060007,1,7
"1541",20060008,1,8
"1542",20060009,1,9
"1543",20060010,1,10
"1544",20060011,1,11
"1545",20060012,1,12
"1546",20060013,1,13
"1547",20060014,1,14
"1548",20060015,1,15
"1549",20060016,1,16
"1550",20060017,1,17
"1552",20060019,1,19
"1555",20060022,1,22
"1556",20060023,1,23
"1557",20060024,1,24
"1559",20060026,1,26
"1560",20060027,1,27
"1561",20060028,1,28
"1562",20060029,1,29
"1563",20060030,1,30
"1564",20060031,1,31
"1565",20060032,1,32
"1566",20060033,2,33
"1567",20060034,2,34
"1568",20060035,2,35
"1569",20060036,2,36
"1571",20060038,2,38
"1573",20060040,2,40
"1574",20060041,2,41
"1575",20060042,2,42
"1577",20060044,2,44
"1579",20060046,2,46
"1580",20060047,2,47
"1581",20060048,2,48
"1582",20060049,2,49
"1583",20060050,2,50
"1584",20060051,2,51
"1585",20060052,2,52
"1586",20060053,2,53
"1587",20060054,2,54
"1588",20060055,2,55
"1589",20060056,2,56
"1590",20060057,2,57
"1591",20060058,2,58
"1592",20060059,2,59
"1594",20060061,2,61
"1595",20060062,2,62
"1596",20060063,2,63
"1597",20060064,2,64
"1598",20060065,3,65
"1599",20060066,3,66
"1600",20060067,3,67
"1602",20060069,3,69
"1604",20060071,3,71
"1605",20060072,3,72
"1606",20060073,3,73
"1607",20060074,3,74
"1608",20060075,3,75
"1609",20060076,3,76
"1610",20060077,3,77
"1611",20060078,3,78
"1612",20060079,3,79
"1613",20060080,3,80
"1614",20060081,3,81
"1615",20060082,3,82
"1616",20060083,3,83
"1617",20060084,3,84
"1618",20060085,3,85
"1619",20060086,3,86
"1620",20060087,3,87
"1621",20060088,3,88
"1622",20060089,3,89
"1623",20060090,3,90
"1624",20060091,3,91
"1625",20060092,3,92
"1627",20060094,3,94
"1628",20060095,3,95
"1629",20060096,3,96
"1630",20060097,3,97
"1631",20060098,4,98
"1632",20060099,4,99
"1634",20060101,4,101
"1635",20060102,4,102
"1636",20060103,4,103
"1637",20060104,4,104
"1638",20060105,4,105
"1639",20060106,4,106
"1640",20060107,4,107
"1641",20060108,4,108
"1643",20060110,4,110
"1645",20060112,4,112
"1646",20060113,4,113
"1647",20060114,4,114
"1648",20060115,4,115
"1649",20060116,4,116
"1650",20060117,4,117
"1652",20060119,4,119
"1653",20060120,4,120
"1654",20060121,4,121
"1656",20060123,4,123
"1657",20060124,4,124
"1658",20060125,4,125
"1659",20060126,4,126
"1660",20060127,4,127
"1662",20060129,4,129
"1665",20060132,4,132
"1668",20060135,5,135
"1669",20060136,5,136
"1670",20060137,5,137
"1671",20060138,5,138
"1672",20060139,5,139
"1673",20060140,5,140
"1674",20060141,5,141
"1675",20060142,5,142
"1677",20060144,5,144
"1678",20060145,5,145
"1679",20060146,5,146
"1680",20060147,5,147
"1681",20060148,5,148
"1682",20060149,5,149
"1683",20060150,5,150
"1684",20060151,5,151
"1685",20060152,5,152
"1687",20060154,5,154
"1688",20060155,5,155
"1689",20060156,5,156
"1690",20060157,5,157
"1691",20060158,5,158
"1692",20060159,5,159
"1694",20060161,5,161
"1695",20060162,5,162
"1696",20060163,5,163
"1697",20060164,5,164
"1699",20060166,5,166
"1700",20060167,5,167
"1701",20060168,5,168
"1703",20060170,6,170
"1704",20060171,6,171
"1705",20060172,6,172
"1706",20060173,6,173
"1707",20060174,6,174
"1708",20060175,6,175
"1709",20060176,6,176
"1710",20060177,6,177
"1711",20060178,6,178
"1712",20060179,6,179
"1713",20060180,6,180
"1714",20060181,6,181
"1715",20060182,6,182
"1716",20060183,6,183
"1717",20060184,6,184
"1720",20060187,6,187
"1723",20060190,6,190
"1724",20060191,6,191
"1726",20060193,6,193
"1727",20060194,6,194
"1729",20060196,6,196
"1731",20060198,6,198
"1734",20060201,6,201
"1735",20060202,6,202
"1738",20060205,6,205
"1739",20060206,6,206
"1740",20060207,6,207
"1741",20060208,6,208
"1743",20060210,7,210
"1746",20060213,7,213
"1749",20060216,7,216
"1750",20060217,7,217
"1751",20060218,7,218
"1752",20060219,7,219
"1753",20060220,7,220
"1754",20060221,7,221
"1756",20060223,7,223
"1757",20060224,7,224
"1759",20060226,7,226
"1760",20060227,7,227
"1761",20060228,7,228
"1762",20060229,7,229
"1765",20060232,7,232
"1766",20060233,7,233
"1767",20060234,7,234
"1769",20060236,7,236
"1770",20060237,7,237
"1773",20060240,7,240
"1774",20060241,7,241
"1775",20060242,7,242
"1779",20060246,7,246
"1782",20060249,7,249
"1783",20060250,7,250
"1784",20060251,7,251
"1785",20060252,7,252
"1789",20070001,1,1
"1790",20070002,1,2
"1791",20070003,1,3
"1792",20070004,1,4
"1793",20070005,1,5
"1794",20070006,1,6
"1795",20070007,1,7
"1798",20070010,1,10
"1799",20070011,1,11
"1800",20070012,1,12
"1801",20070013,1,13
"1803",20070015,1,15
"1804",20070016,1,16
"1805",20070017,1,17
"1806",20070018,1,18
"1807",20070019,1,19
"1808",20070020,1,20
"1809",20070021,1,21
"1810",20070022,1,22
"1811",20070023,1,23
"1812",20070024,1,24
"1813",20070025,1,25
"1814",20070026,1,26
"1815",20070027,1,27
"1816",20070028,1,28
"1817",20070029,1,29
"1819",20070031,1,31
"1820",20070032,1,32
"1821",20070033,2,33
"1822",20070034,2,34
"1824",20070036,2,36
"1825",20070037,2,37
"1826",20070038,2,38
"1827",20070039,2,39
"1828",20070040,2,40
"1829",20070041,2,41
"1830",20070042,2,42
"1831",20070043,2,43
"1832",20070044,2,44
"1835",20070047,2,47
"1836",20070048,2,48
"1837",20070049,2,49
"1838",20070050,2,50
"1839",20070051,2,51
"1840",20070052,2,52
"1841",20070053,2,53
"1842",20070054,2,54
"1843",20070055,2,55
"1844",20070056,2,56
"1845",20070057,2,57
"1847",20070059,2,59
"1848",20070060,2,60
"1849",20070061,2,61
"1850",20070062,2,62
"1851",20070063,2,63
"1852",20070064,2,64
"1853",20070065,3,65
"1855",20070067,3,67
"1856",20070068,3,68
"1857",20070069,3,69
"1858",20070070,3,70
"1859",20070071,3,71
"1860",20070072,3,72
"1861",20070073,3,73
"1862",20070074,3,74
"1863",20070075,3,75
"1864",20070076,3,76
"1866",20070078,3,78
"1867",20070079,3,79
"1868",20070080,3,80
"1869",20070081,3,81
"1870",20070082,3,82
"1871",20070083,3,83
"1872",20070084,3,84
"1873",20070085,3,85
"1875",20070087,3,87
"1876",20070088,3,88
"1877",20070089,3,89
"1879",20070091,3,91
"1880",20070092,3,92
"1881",20070093,3,93
"1882",20070094,3,94
"1883",20070095,3,95
"1884",20070096,3,96
"1886",20070098,3,98
"1887",20070099,3,99
"1890",20070102,4,102
"1892",20070104,4,104
"1894",20070106,4,106
"1895",20070107,4,107
"1896",20070108,4,108
"1897",20070109,4,109
"1899",20070111,4,111
"1902",20070114,4,114
"1903",20070115,4,115
"1904",20070116,4,116
"1905",20070117,4,117
"1906",20070118,4,118
"1907",20070119,4,119
"1908",20070120,4,120
"1909",20070121,4,121
"1910",20070122,4,122
"1911",20070123,4,123
"1912",20070124,4,124
"1914",20070126,4,126
"1916",20070128,4,128
"1917",20070129,4,129
"1918",20070130,4,130
"1920",20070132,4,132
"1921",20070133,4,133
"1922",20070134,4,134
"1923",20070135,4,135
"1925",20070137,4,137
"1926",20070138,5,138
"1927",20070139,5,139
"1928",20070140,5,140
"1930",20070142,5,142
"1931",20070143,5,143
"1934",20070146,5,146
"1935",20070147,5,147
"1936",20070148,5,148
"1937",20070149,5,149
"1938",20070150,5,150
"1939",20070151,5,151
"1940",20070152,5,152
"1941",20070153,5,153
"1942",20070154,5,154
"1943",20070155,5,155
"1944",20070156,5,156
"1945",20070157,5,157
"1947",20070159,5,159
"1951",20070163,5,163
"1952",20070164,5,164
"1953",20070165,5,165
"1955",20070167,5,167
"1960",20070172,5,172
"1961",20070173,5,173
"1964",20070176,6,176
"1971",20070183,6,183
"1972",20070184,6,184
"1974",20070186,6,186
"1975",20070187,6,187
"1976",20070188,6,188
"1977",20070189,6,189
"1978",20070190,6,190
"1980",20070192,6,192
"1982",20070194,6,194
"1983",20070195,6,195
"1984",20070196,6,196
"1985",20070197,6,197
"1986",20070198,6,198
"1987",20070199,6,199
"1991",20070203,6,203
"1992",20070204,6,204
"1993",20070205,6,205
"1994",20070206,6,206
"1995",20070207,6,207
"1997",20070209,6,209
"2002",20070214,7,214
"2003",20070215,7,215
"2007",20070219,7,219
"2008",20070220,7,220
"2009",20070221,7,221
"2010",20070222,7,222
"2011",20070223,7,223
"2012",20070224,7,224
"2014",20070226,7,226
"2015",20070227,7,227
"2016",20070228,7,228
"2018",20070230,7,230
"2019",20070231,7,231
"2021",20070233,7,233
"2022",20070234,7,234
"2023",20070235,7,235
"2024",20070236,7,236
"2026",20070238,7,238
"2027",20070239,7,239
"2028",20070240,7,240
"2031",20070243,7,243
"2032",20070244,7,244
"2034",20070246,7,246
"2036",20070248,7,248
"2038",20070250,7,250
"2039",20070251,7,251
"2041",20070253,7,253
"2042",20070254,7,254
"2044",20080001,1,1
"2045",20080002,1,2
"2046",20080003,1,3
"2047",20080004,1,4
"2049",20080006,1,6
"2050",20080007,1,7
"2051",20080008,1,8
"2053",20080010,1,10
"2054",20080011,1,11
"2056",20080013,1,13
"2057",20080014,1,14
"2058",20080015,1,15
"2059",20080016,1,16
"2060",20080017,1,17
"2061",20080018,1,18
"2062",20080019,1,19
"2063",20080020,1,20
"2065",20080022,1,22
"2066",20080023,1,23
"2067",20080024,1,24
"2068",20080025,1,25
"2069",20080026,1,26
"2070",20080027,1,27
"2071",20080028,1,28
"2072",20080029,1,29
"2073",20080030,1,30
"2074",20080031,1,31
"2076",20080033,2,33
"2077",20080034,2,34
"2078",20080035,2,35
"2079",20080036,2,36
"2080",20080037,2,37
"2081",20080038,2,38
"2082",20080039,2,39
"2083",20080040,2,40
"2084",20080041,2,41
"2085",20080042,2,42
"2086",20080043,2,43
"2087",20080044,2,44
"2088",20080045,2,45
"2089",20080046,2,46
"2090",20080047,2,47
"2092",20080049,2,49
"2093",20080050,2,50
"2095",20080052,2,52
"2096",20080053,2,53
"2097",20080054,2,54
"2098",20080055,2,55
"2099",20080056,2,56
"2100",20080057,2,57
"2101",20080058,2,58
"2102",20080059,2,59
"2103",20080060,2,60
"2104",20080061,2,61
"2105",20080062,2,62
"2106",20080063,2,63
"2107",20080064,3,64
"2108",20080065,3,65
"2109",20080066,3,66
"2110",20080067,3,67
"2111",20080068,3,68
"2112",20080069,3,69
"2113",20080070,3,70
"2114",20080071,3,71
"2115",20080072,3,72
"2116",20080073,3,73
"2119",20080076,3,76
"2120",20080077,3,77
"2121",20080078,3,78
"2122",20080079,3,79
"2123",20080080,3,80
"2125",20080082,3,82
"2126",20080083,3,83
"2127",20080084,3,84
"2128",20080085,3,85
"2129",20080086,3,86
"2131",20080088,3,88
"2132",20080089,3,89
"2133",20080090,3,90
"2134",20080091,3,91
"2135",20080092,3,92
"2136",20080093,3,93
"2137",20080094,3,94
"2138",20080095,3,95
"2139",20080096,3,96
"2140",20080097,3,97
"2141",20080098,3,98
"2142",20080099,3,99
"2143",20080100,4,100
"2144",20080101,4,101
"2145",20080102,4,102
"2148",20080105,4,105
"2149",20080106,4,106
"2150",20080107,4,107
"2151",20080108,4,108
"2152",20080109,4,109
"2153",20080110,4,110
"2155",20080112,4,112
"2156",20080113,4,113
"2158",20080115,4,115
"2159",20080116,4,116
"2160",20080117,4,117
"2161",20080118,4,118
"2162",20080119,4,119
"2164",20080121,4,121
"2165",20080122,4,122
"2166",20080123,4,123
"2167",20080124,4,124
"2168",20080125,4,125
"2169",20080126,4,126
"2170",20080127,4,127
"2171",20080128,4,128
"2172",20080129,4,129
"2175",20080132,4,132
"2176",20080133,4,133
"2177",20080134,4,134
"2179",20080136,5,136
"2180",20080137,5,137
"2182",20080139,5,139
"2184",20080141,5,141
"2185",20080142,5,142
"2186",20080143,5,143
"2187",20080144,5,144
"2189",20080146,5,146
"2190",20080147,5,147
"2191",20080148,5,148
"2193",20080150,5,150
"2194",20080151,5,151
"2195",20080152,5,152
"2197",20080154,5,154
"2198",20080155,5,155
"2200",20080157,5,157
"2201",20080158,5,158
"2202",20080159,5,159
"2203",20080160,5,160
"2204",20080161,5,161
"2205",20080162,5,162
"2206",20080163,5,163
"2207",20080164,5,164
"2208",20080165,5,165
"2209",20080166,5,166
"2213",20080170,6,170
"2214",20080171,6,171
"2215",20080172,6,172
"2216",20080173,6,173
"2218",20080175,6,175
"2219",20080176,6,176
"2222",20080179,6,179
"2224",20080181,6,181
"2225",20080182,6,182
"2226",20080183,6,183
"2227",20080184,6,184
"2228",20080185,6,185
"2230",20080187,6,187
"2231",20080188,6,188
"2233",20080190,6,190
"2234",20080191,6,191
"2235",20080192,6,192
"2236",20080193,6,193
"2238",20080195,6,195
"2239",20080196,6,196
"2244",20080201,6,201
"2245",20080202,6,202
"2247",20080204,6,204
"2248",20080205,6,205
"2252",20080209,7,209
"2255",20080212,7,212
"2257",20080214,7,214
"2258",20080215,7,215
"2261",20080218,7,218
"2262",20080219,7,219
"2263",20080220,7,220
"2266",20080223,7,223
"2267",20080224,7,224
"2268",20080225,7,225
"2270",20080227,7,227
"2273",20080230,7,230
"2277",20080234,7,234
"2279",20080236,7,236
"2281",20080238,7,238
"2284",20080241,7,241
"2287",20080244,7,244
"2288",20080245,7,245
"2289",20080246,7,246
"2291",20080248,7,248
"2292",20080249,7,249
"2296",20090001,1,1
"2297",20090002,1,2
"2298",20090003,1,3
"2299",20090004,1,4
"2300",20090005,1,5
"2302",20090007,1,7
"2303",20090008,1,8
"2304",20090009,1,9
"2306",20090011,1,11
"2307",20090012,1,12
"2308",20090013,1,13
"2309",20090014,1,14
"2310",20090015,1,15
"2311",20090016,1,16
"2312",20090017,1,17
"2313",20090018,1,18
"2314",20090019,1,19
"2315",20090020,1,20
"2317",20090022,1,22
"2318",20090023,1,23
"2320",20090025,1,25
"2321",20090026,1,26
"2322",20090027,1,27
"2323",20090028,1,28
"2324",20090029,1,29
"2325",20090030,1,30
"2326",20090031,1,31
"2327",20090032,1,32
"2328",20090032,1,32
"2329",20090032,1,32
"2330",20090032,1,32
"2331",20090032,1,32
"2332",20090032,1,32
"2333",20090032,1,32
"2334",20090032,1,32
"2335",20090033,2,33
"2336",20090034,2,34
"2337",20090035,2,35
"2338",20090036,2,36
"2339",20090037,2,37
"2340",20090038,2,38
"2341",20090039,2,39
"2342",20090040,2,40
"2343",20090041,2,41
"2345",20090043,2,43
"2346",20090044,2,44
"2347",20090045,2,45
"2348",20090046,2,46
"2350",20090048,2,48
"2351",20090049,2,49
"2352",20090050,2,50
"2353",20090051,2,51
"2354",20090052,2,52
"2356",20090054,2,54
"2357",20090055,2,55
"2358",20090056,2,56
"2359",20090057,2,57
"2361",20090059,2,59
"2362",20090060,2,60
"2363",20090061,2,61
"2364",20090062,2,62
"2365",20090063,2,63
"2366",20090064,2,64
"2367",20090065,3,65
"2368",20090066,3,66
"2369",20090067,3,67
"2370",20090068,3,68
"2372",20090070,3,70
"2373",20090071,3,71
"2374",20090072,3,72
"2376",20090074,3,74
"2377",20090075,3,75
"2378",20090076,3,76
"2379",20090077,3,77
"2380",20090078,3,78
"2381",20090079,3,79
"2382",20090080,3,80
"2383",20090081,3,81
"2384",20090082,3,82
"2386",20090084,3,84
"2387",20090085,3,85
"2388",20090086,3,86
"2390",20090088,3,88
"2391",20090089,3,89
"2392",20090090,3,90
"2393",20090091,3,91
"2394",20090092,3,92
"2395",20090093,3,93
"2396",20090094,3,94
"2397",20090095,3,95
"2398",20090096,3,96
"2399",20090097,3,97
"2401",20090099,3,99
"2402",20090100,3,100
"2403",20090101,4,101
"2404",20090102,4,102
"2405",20090103,4,103
"2406",20090104,4,104
"2408",20090106,4,106
"2409",20090107,4,107
"2410",20090108,4,108
"2412",20090110,4,110
"2413",20090111,4,111
"2414",20090112,4,112
"2416",20090114,4,114
"2417",20090115,4,115
"2418",20090116,4,116
"2419",20090117,4,117
"2420",20090118,4,118
"2421",20090119,4,119
"2422",20090120,4,120
"2423",20090121,4,121
"2424",20090122,4,122
"2426",20090124,4,124
"2427",20090125,4,125
"2429",20090127,4,127
"2430",20090128,4,128
"2431",20090129,4,129
"2432",20090130,4,130
"2434",20090132,4,132
"2435",20090133,4,133
"2436",20090134,4,134
"2437",20090135,4,135
"2438",20090136,4,136
"2439",20090137,5,137
"2442",20090140,5,140
"2443",20090141,5,141
"2445",20090143,5,143
"2446",20090144,5,144
"2447",20090145,5,145
"2448",20090146,5,146
"2449",20090147,5,147
"2450",20090148,5,148
"2451",20090149,5,149
"2452",20090150,5,150
"2453",20090151,5,151
"2454",20090152,5,152
"2455",20090153,5,153
"2456",20090154,5,154
"2457",20090155,5,155
"2458",20090156,5,156
"2459",20090157,5,157
"2460",20090158,5,158
"2461",20090159,5,159
"2462",20090160,5,160
"2464",20090162,5,162
"2465",20090163,5,163
"2467",20090165,5,165
"2468",20090166,5,166
"2469",20090167,5,167
"2470",20090168,5,168
"2473",20090171,5,171
"2475",20090173,5,173
"2476",20090174,6,174
"2477",20090175,6,175
"2479",20090177,6,177
"2481",20090179,6,179
"2484",20090182,6,182
"2485",20090183,6,183
"2486",20090184,6,184
"2487",20090185,6,185
"2489",20090187,6,187
"2491",20090189,6,189
"2493",20090191,6,191
"2497",20090195,6,195
"2499",20090197,6,197
"2501",20090199,6,199
"2502",20090200,6,200
"2503",20090201,6,201
"2506",20090204,6,204
"2507",20090205,6,205
"2508",20090206,6,206
"2509",20090207,6,207
"2510",20090208,6,208
"2511",20090209,6,209
"2512",20090210,7,210
"2513",20090211,7,211
"2514",20090212,7,212
"2515",20090213,7,213
"2518",20090216,7,216
"2521",20090219,7,219
"2523",20090221,7,221
"2525",20090223,7,223
"2526",20090224,7,224
"2528",20090226,7,226
"2530",20090228,7,228
"2532",20090230,7,230
"2533",20090231,7,231
"2535",20090233,7,233
"2536",20090234,7,234
"2537",20090235,7,235
"2538",20090236,7,236
"2543",20090241,7,241
"2545",20090243,7,243
"2546",20090244,7,244
"2547",20090245,7,245
"2550",20090248,7,248
"2552",20090250,7,250
"2555",20090253,7,253
"2556",20090254,7,254
"2557",20090255,7,255
"2559",20100001,1,1
"2560",20100002,1,2
"2561",20100003,1,3
"2562",20100004,1,4
"2563",20100005,1,5
"2564",20100006,1,6
"2565",20100007,1,7
"2566",20100008,1,8
"2567",20100009,1,9
"2568",20100010,1,10
"2569",20100011,1,11
"2570",20100012,1,12
"2571",20100013,1,13
"2572",20100014,1,14
"2573",20100015,1,15
"2574",20100016,1,16
"2575",20100017,1,17
"2576",20100018,1,18
"2577",20100019,1,19
"2578",20100020,1,20
"2579",20100021,1,21
"2581",20100023,1,23
"2583",20100025,1,25
"2584",20100026,1,26
"2585",20100027,1,27
"2586",20100028,1,28
"2587",20100029,1,29
"2588",20100030,1,30
"2589",20100031,1,31
"2590",20100032,1,32
"2591",20100033,2,33
"2592",20100034,2,34
"2593",20100035,2,35
"2594",20100036,2,36
"2595",20100037,2,37
"2596",20100038,2,38
"2597",20100039,2,39
"2598",20100040,2,40
"2599",20100041,2,41
"2600",20100042,2,42
"2601",20100043,2,43
"2602",20100044,2,44
"2603",20100045,2,45
"2604",20100046,2,46
"2605",20100047,2,47
"2606",20100048,2,48
"2607",20100049,2,49
"2608",20100050,2,50
"2609",20100051,2,51
"2610",20100052,2,52
"2612",20100054,2,54
"2613",20100055,2,55
"2614",20100056,2,56
"2615",20100057,2,57
"2616",20100058,2,58
"2617",20100059,2,59
"2618",20100060,2,60
"2619",20100061,2,61
"2620",20100062,2,62
"2621",20100063,2,63
"2622",20100064,2,64
"2623",20100065,3,65
"2624",20100066,3,66
"2625",20100067,3,67
"2627",20100069,3,69
"2628",20100070,3,70
"2629",20100071,3,71
"2630",20100072,3,72
"2631",20100073,3,73
"2633",20100075,3,75
"2634",20100076,3,76
"2635",20100077,3,77
"2636",20100078,3,78
"2637",20100079,3,79
"2638",20100080,3,80
"2639",20100081,3,81
"2640",20100082,3,82
"2641",20100083,3,83
"2642",20100084,3,84
"2643",20100085,3,85
"2644",20100086,3,86
"2645",20100087,3,87
"2646",20100088,3,88
"2648",20100090,3,90
"2649",20100091,3,91
"2650",20100092,3,92
"2651",20100093,3,93
"2652",20100094,3,94
"2653",20100095,3,95
"2654",20100096,3,96
"2655",20100097,3,97
"2656",20100098,3,98
"2657",20100099,4,99
"2658",20100100,4,100
"2659",20100101,4,101
"2660",20100102,4,102
"2661",20100103,4,103
"2662",20100104,4,104
"2663",20100105,4,105
"2664",20100106,4,106
"2665",20100107,4,107
"2666",20100108,4,108
"2667",20100109,4,109
"2668",20100110,4,110
"2670",20100112,4,112
"2672",20100114,4,114
"2673",20100115,4,115
"2674",20100116,4,116
"2675",20100117,4,117
"2676",20100118,4,118
"2677",20100119,4,119
"2678",20100120,4,120
"2679",20100121,4,121
"2680",20100122,4,122
"2681",20100123,4,123
"2682",20100124,4,124
"2683",20100125,4,125
"2684",20100126,4,126
"2685",20100127,4,127
"2686",20100128,4,128
"2689",20100131,4,131
"2690",20100132,5,132
"2691",20100133,5,133
"2692",20100134,5,134
"2693",20100135,5,135
"2694",20100136,5,136
"2695",20100137,5,137
"2697",20100139,5,139
"2698",20100140,5,140
"2699",20100141,5,141
"2700",20100142,5,142
"2704",20100146,5,146
"2705",20100147,5,147
"2707",20100149,5,149
"2709",20100151,5,151
"2711",20100153,5,153
"2712",20100154,5,154
"2713",20100155,5,155
"2714",20100156,5,156
"2716",20100158,5,158
"2717",20100159,5,159
"2718",20100160,5,160
"2719",20100161,5,161
"2720",20100162,5,162
"2721",20100163,5,163
"2722",20100164,5,164
"2723",20100165,5,165
"2724",20100166,5,166
"2725",20100167,5,167
"2727",20100169,5,169
"2731",20100173,6,173
"2733",20100175,6,175
"2735",20100177,6,177
"2736",20100178,6,178
"2737",20100179,6,179
"2739",20100181,6,181
"2740",20100182,6,182
"2741",20100183,6,183
"2742",20100184,6,184
"2743",20100185,6,185
"2744",20100186,6,186
"2745",20100187,6,187
"2746",20100188,6,188
"2748",20100190,6,190
"2749",20100191,6,191
"2751",20100193,6,193
"2753",20100195,6,195
"2754",20100196,6,196
"2755",20100197,6,197
"2756",20100198,6,198
"2758",20100200,6,200
"2762",20100204,6,204
"2763",20100205,6,205
"2764",20100206,6,206
"2765",20100207,6,207
"2766",20100208,7,208
"2767",20100209,7,209
"2768",20100210,7,210
"2771",20100213,7,213
"2774",20100216,7,216
"2775",20100217,7,217
"2778",20100220,7,220
"2783",20100225,7,225
"2784",20100226,7,226
"2785",20100227,7,227
"2787",20100229,7,229
"2788",20100230,7,230
"2789",20100231,7,231
"2790",20100232,7,232
"2791",20100233,7,233
"2793",20100235,7,235
"2794",20100236,7,236
"2797",20100239,7,239
"2798",20100240,7,240
"2800",20100242,7,242
"2801",20100243,7,243
"2802",20100244,7,244
"2808",20100250,7,250
"2812",20100254,7,254
"2814",20110001,1,1
"2815",20110002,1,2
"2816",20110003,1,3
"2817",20110004,1,4
"2818",20110005,1,5
"2819",20110006,1,6
"2820",20110007,1,7
"2821",20110008,1,8
"2822",20110009,1,9
"2823",20110010,1,10
"2824",20110011,1,11
"2825",20110012,1,12
"2826",20110013,1,13
"2827",20110014,1,14
"2828",20110015,1,15
"2829",20110016,1,16
"2830",20110017,1,17
"2831",20110018,1,18
"2832",20110019,1,19
"2833",20110020,1,20
"2834",20110021,1,21
"2835",20110022,1,22
"2836",20110023,1,23
"2837",20110024,1,24
"2838",20110025,1,25
"2839",20110026,1,26
"2840",20110027,1,27
"2841",20110028,1,28
"2842",20110029,1,29
"2843",20110030,1,30
"2844",20110031,1,31
"2845",20110032,1,32
"2846",20110033,2,33
"2847",20110034,2,34
"2848",20110035,2,35
"2849",20110036,2,36
"2850",20110037,2,37
"2851",20110038,2,38
"2852",20110039,2,39
"2853",20110040,2,40
"2854",20110041,2,41
"2855",20110042,2,42
"2857",20110044,2,44
"2858",20110045,2,45
"2859",20110046,2,46
"2860",20110047,2,47
"2861",20110048,2,48
"2863",20110050,2,50
"2864",20110051,2,51
"2865",20110052,2,52
"2866",20110053,2,53
"2867",20110054,2,54
"2868",20110055,2,55
"2869",20110056,2,56
"2870",20110057,2,57
"2871",20110058,2,58
"2872",20110059,2,59
"2873",20110060,2,60
"2874",20110061,2,61
"2875",20110062,2,62
"2876",20110063,2,63
"2877",20110064,2,64
"2878",20110065,3,65
"2879",20110066,3,66
"2881",20110068,3,68
"2882",20110069,3,69
"2883",20110070,3,70
"2884",20110071,3,71
"2885",20110072,3,72
"2886",20110073,3,73
"2887",20110074,3,74
"2888",20110075,3,75
"2889",20110076,3,76
"2890",20110077,3,77
"2891",20110078,3,78
"2892",20110079,3,79
"2893",20110080,3,80
"2894",20110081,3,81
"2895",20110082,3,82
"2896",20110083,3,83
"2897",20110084,3,84
"2898",20110085,3,85
"2899",20110086,3,86
"2900",20110087,3,87
"2901",20110088,3,88
"2902",20110089,3,89
"2903",20110090,3,90
"2904",20110091,3,91
"2905",20110092,3,92
"2906",20110093,3,93
"2907",20110094,3,94
"2908",20110095,3,95
"2909",20110096,3,96
"2910",20110097,3,97
"2911",20110098,4,98
"2912",20110099,4,99
"2913",20110100,4,100
"2914",20110101,4,101
"2915",20110102,4,102
"2916",20110103,4,103
"2917",20110104,4,104
"2918",20110105,4,105
"2919",20110106,4,106
"2921",20110108,4,108
"2922",20110109,4,109
"2923",20110110,4,110
"2924",20110111,4,111
"2925",20110112,4,112
"2926",20110113,4,113
"2927",20110114,4,114
"2928",20110115,4,115
"2929",20110116,4,116
"2930",20110117,4,117
"2931",20110118,4,118
"2932",20110119,4,119
"2935",20110122,4,122
"2936",20110123,4,123
"2937",20110124,4,124
"2938",20110125,4,125
"2939",20110126,4,126
"2940",20110127,4,127
"2941",20110128,4,128
"2942",20110129,4,129
"2943",20110130,4,130
"2944",20110131,4,131
"2945",20110132,5,132
"2946",20110133,5,133
"2947",20110134,5,134
"2948",20110135,5,135
"2949",20110136,5,136
"2950",20110137,5,137
"2951",20110138,5,138
"2952",20110139,5,139
"2954",20110141,5,141
"2955",20110142,5,142
"2956",20110143,5,143
"2957",20110144,5,144
"2958",20110145,5,145
"2959",20110146,5,146
"2961",20110148,5,148
"2962",20110149,5,149
"2963",20110150,5,150
"2964",20110151,5,151
"2965",20110152,5,152
"2966",20110153,5,153
"2967",20110154,5,154
"2968",20110155,5,155
"2969",20110156,5,156
"2970",20110157,5,157
"2971",20110158,5,158
"2972",20110159,5,159
"2973",20110160,5,160
"2974",20110161,5,161
"2975",20110162,5,162
"2976",20110163,5,163
"2977",20110164,5,164
"2978",20110165,5,165
"2979",20110166,6,166
"2980",20110167,6,167
"2981",20110168,6,168
"2982",20110169,6,169
"2984",20110171,6,171
"2985",20110172,6,172
"2986",20110173,6,173
"2987",20110174,6,174
"2989",20110176,6,176
"2990",20110177,6,177
"2991",20110178,6,178
"2993",20110180,6,180
"2995",20110182,6,182
"2996",20110183,6,183
"2998",20110185,6,185
"2999",20110186,6,186
"3000",20110187,6,187
"3001",20110188,6,188
"3002",20110189,6,189
"3004",20110191,6,191
"3006",20110193,6,193
"3008",20110195,6,195
"3009",20110196,6,196
"3010",20110197,6,197
"3011",20110198,6,198
"3012",20110199,6,199
"3013",20110200,6,200
"3014",20110201,6,201
"3016",20110203,6,203
"3017",20110204,7,204
"3018",20110205,7,205
"3019",20110206,7,206
"3021",20110208,7,208
"3023",20110210,7,210
"3024",20110211,7,211
"3026",20110213,7,213
"3027",20110214,7,214
"3028",20110215,7,215
"3030",20110217,7,217
"3033",20110220,7,220
"3034",20110221,7,221
"3037",20110224,7,224
"3038",20110225,7,225
"3043",20110230,7,230
"3046",20110233,7,233
"3049",20110236,7,236
"3050",20110237,7,237
"3051",20110238,7,238
"3052",20110239,7,239
"3053",20110239,7,239
"3054",20110239,7,239
"3055",20110239,7,239
"3056",20110239,7,239
"3057",20110239,7,239
"3058",20110239,7,239
"3059",20110239,7,239
"3064",20110244,7,244
"3067",20110247,7,247
"3068",20110248,7,248
"3069",20110249,7,249
"3073",20110253,7,253
"3074",20110254,7,254
"3075",20120001,1,1
"3076",20120002,1,2
"3077",20120003,1,3
"3078",20120004,1,4
"3079",20120005,1,5
"3080",20120006,1,6
"3081",20120007,1,7
"3082",20120008,1,8
"3083",20120009,1,9
"3084",20120010,1,10
"3085",20120011,1,11
"3086",20120012,1,12
"3087",20120013,1,13
"3088",20120014,1,14
"3089",20120015,1,15
"3090",20120016,1,16
"3091",20120017,1,17
"3092",20120018,1,18
"3093",20120019,1,19
"3094",20120020,1,20
"3095",20120021,1,21
"3096",20120022,1,22
"3097",20120023,1,23
"3098",20120024,1,24
"3099",20120025,1,25
"3100",20120026,1,26
"3101",20120027,1,27
"3102",20120028,1,28
"3103",20120029,1,29
"3104",20120030,1,30
"3105",20120031,1,31
"3106",20120032,1,32
"3107",20120033,2,33
"3108",20120034,2,34
"3109",20120035,2,35
"3110",20120036,2,36
"3111",20120037,2,37
"3112",20120038,2,38
"3113",20120039,2,39
"3114",20120040,2,40
"3115",20120041,2,41
"3116",20120042,2,42
"3117",20120043,2,43
"3118",20120044,2,44
"3119",20120045,2,45
"3120",20120046,2,46
"3121",20120047,2,47
"3123",20120049,2,49
"3124",20120050,2,50
"3125",20120051,2,51
"3126",20120052,2,52
"3127",20120053,2,53
"3128",20120054,2,54
"3129",20120055,2,55
"3130",20120056,2,56
"3131",20120057,2,57
"3132",20120058,2,58
"3133",20120059,2,59
"3134",20120060,2,60
"3135",20120061,2,61
"3136",20120062,2,62
"3137",20120063,2,63
"3138",20120064,3,64
"3139",20120065,3,65
"3140",20120066,3,66
"3141",20120067,3,67
"3142",20120068,3,68
"3143",20120069,3,69
"3144",20120070,3,70
"3145",20120071,3,71
"3146",20120072,3,72
"3147",20120073,3,73
"3148",20120074,3,74
"3149",20120075,3,75
"3150",20120076,3,76
"3151",20120077,3,77
"3152",20120078,3,78
"3154",20120080,3,80
"3155",20120081,3,81
"3156",20120082,3,82
"3157",20120083,3,83
"3158",20120084,3,84
"3159",20120085,3,85
"3160",20120086,3,86
"3161",20120087,3,87
"3162",20120088,3,88
"3163",20120089,3,89
"3164",20120090,3,90
"3165",20120091,3,91
"3166",20120092,3,92
"3167",20120093,3,93
"3168",20120094,3,94
"3169",20120095,3,95
"3170",20120096,4,96
"3171",20120097,4,97
"3173",20120099,4,99
"3174",20120100,4,100
"3175",20120101,4,101
"3176",20120102,4,102
"3177",20120103,4,103
"3178",20120104,4,104
"3179",20120105,4,105
"3180",20120106,4,106
"3181",20120107,4,107
"3182",20120108,4,108
"3183",20120109,4,109
"3184",20120110,4,110
"3185",20120111,4,111
"3186",20120112,4,112
"3187",20120113,4,113
"3188",20120114,4,114
"3189",20120115,4,115
"3190",20120116,4,116
"3191",20120117,4,117
"3192",20120118,4,118
"3193",20120119,4,119
"3194",20120120,4,120
"3195",20120121,4,121
"3196",20120122,4,122
"3197",20120123,4,123
"3198",20120124,4,124
"3199",20120125,4,125
"3200",20120126,4,126
"3202",20120128,4,128
"3203",20120129,4,129
"3204",20120130,4,130
"3205",20120131,4,131
"3206",20120132,4,132
"3207",20120133,4,133
"3208",20120134,4,134
"3210",20120136,5,136
"3211",20120137,5,137
"3212",20120138,5,138
"3213",20120139,5,139
"3214",20120140,5,140
"3215",20120141,5,141
"3216",20120142,5,142
"3217",20120143,5,143
"3218",20120144,5,144
"3220",20120146,5,146
"3221",20120147,5,147
"3223",20120149,5,149
"3224",20120150,5,150
"3225",20120151,5,151
"3226",20120152,5,152
"3229",20120155,5,155
"3230",20120156,5,156
"3231",20120157,5,157
"3232",20120158,5,158
"3233",20120159,5,159
"3234",20120160,5,160
"3236",20120162,5,162
"3237",20120163,5,163
"3238",20120164,5,164
"3239",20120165,5,165
"3240",20120166,5,166
"3241",20120167,5,167
"3242",20120168,5,168
"3243",20120169,5,169
"3244",20120170,5,170
"3245",20120171,6,171
"3246",20120172,6,172
"3247",20120173,6,173
"3249",20120175,6,175
"3250",20120176,6,176
"3251",20120177,6,177
"3252",20120178,6,178
"3253",20120179,6,179
"3254",20120180,6,180
"3255",20120181,6,181
"3256",20120182,6,182
"3257",20120183,6,183
"3259",20120185,6,185
"3260",20120186,6,186
"3262",20120188,6,188
"3264",20120190,6,190
"3265",20120191,6,191
"3266",20120192,6,192
"3267",20120193,6,193
"3268",20120194,6,194
"3272",20120198,6,198
"3274",20120200,6,200
"3275",20120201,6,201
"3276",20120202,6,202
"3278",20120204,6,204
"3279",20120205,6,205
"3280",20120206,6,206
"3282",20120208,7,208
"3284",20120210,7,210
"3285",20120211,7,211
"3286",20120212,7,212
"3288",20120214,7,214
"3289",20120215,7,215
"3293",20120219,7,219
"3295",20120221,7,221
"3296",20120222,7,222
"3297",20120223,7,223
"3298",20120224,7,224
"3299",20120225,7,225
"3300",20120226,7,226
"3301",20120227,7,227
"3304",20120230,7,230
"3307",20120233,7,233
"3308",20120234,7,234
"3310",20120236,7,236
"3311",20120237,7,237
"3312",20120238,7,238
"3313",20120239,7,239
"3314",20120240,7,240
"3315",20120241,7,241
"3316",20120242,7,242
"3317",20120243,7,243
"3318",20120244,7,244
"3319",20120245,7,245
"3320",20120246,7,246
"3322",20120248,7,248
"3323",20120249,7,249
"3324",20120250,7,250
"3326",20120252,7,252
"3327",20120253,7,253
"3328",20130001,1,1
"3329",20130002,1,2
"3330",20130003,1,3
"3331",20130004,1,4
"3332",20130005,1,5
"3333",20130006,1,6
"3334",20130007,1,7
"3335",20130008,1,8
"3336",20130009,1,9
"3337",20130010,1,10
"3338",20130011,1,11
"3340",20130013,1,13
"3341",20130014,1,14
"3342",20130015,1,15
"3343",20130016,1,16
"3344",20130017,1,17
"3345",20130018,1,18
"3346",20130019,1,19
"3347",20130020,1,20
"3348",20130021,1,21
"3349",20130022,1,22
"3350",20130023,1,23
"3351",20130024,1,24
"3352",20130025,1,25
"3353",20130026,1,26
"3354",20130027,1,27
"3355",20130028,1,28
"3356",20130029,1,29
"3357",20130030,1,30
"3358",20130031,1,31
"3359",20130032,1,32
"3360",20130033,2,33
"3361",20130034,2,34
"3362",20130035,2,35
"3363",20130036,2,36
"3364",20130037,2,37
"3365",20130038,2,38
"3366",20130039,2,39
"3367",20130040,2,40
"3368",20130041,2,41
"3369",20130042,2,42
"3370",20130043,2,43
"3372",20130045,2,45
"3374",20130047,2,47
"3375",20130048,2,48
"3376",20130049,2,49
"3377",20130050,2,50
"3378",20130051,2,51
"3379",20130052,2,52
"3380",20130053,2,53
"3381",20130054,2,54
"3382",20130055,2,55
"3383",20130056,2,56
"3384",20130057,2,57
"3385",20130058,2,58
"3387",20130060,2,60
"3388",20130061,2,61
"3389",20130062,2,62
"3390",20130063,3,63
"3391",20130064,3,64
"3392",20130065,3,65
"3393",20130066,3,66
"3394",20130067,3,67
"3395",20130068,3,68
"3396",20130069,3,69
"3397",20130070,3,70
"3398",20130071,3,71
"3400",20130073,3,73
"3401",20130074,3,74
"3402",20130075,3,75
"3405",20130078,3,78
"3406",20130079,3,79
"3407",20130080,3,80
"3408",20130081,3,81
"3409",20130082,3,82
"3410",20130083,3,83
"3411",20130084,3,84
"3412",20130085,3,85
"3413",20130086,3,86
"3414",20130087,3,87
"3415",20130088,3,88
"3417",20130090,3,90
"3419",20130092,3,92
"3420",20130093,3,93
"3421",20130094,3,94
"3422",20130095,3,95
"3423",20130096,3,96
"3424",20130097,3,97
"3425",20130098,4,98
"3427",20130100,4,100
"3428",20130101,4,101
"3429",20130102,4,102
"3430",20130103,4,103
"3431",20130104,4,104
"3433",20130106,4,106
"3434",20130107,4,107
"3435",20130108,4,108
"3436",20130109,4,109
"3437",20130110,4,110
"3438",20130111,4,111
"3439",20130112,4,112
"3441",20130114,4,114
"3442",20130115,4,115
"3443",20130116,4,116
"3444",20130117,4,117
"3445",20130118,4,118
"3446",20130119,4,119
"3447",20130120,4,120
"3449",20130122,4,122
"3450",20130123,4,123
"3451",20130124,4,124
"3452",20130125,4,125
"3453",20130126,4,126
"3454",20130127,4,127
"3455",20130128,4,128
"3458",20130131,4,131
"3459",20130132,4,132
"3460",20130133,4,133
"3461",20130134,5,134
"3462",20130135,5,135
"3463",20130136,5,136
"3464",20130137,5,137
"3465",20130138,5,138
"3466",20130139,5,139
"3467",20130140,5,140
"3468",20130141,5,141
"3469",20130142,5,142
"3471",20130144,5,144
"3472",20130145,5,145
"3475",20130148,5,148
"3476",20130149,5,149
"3477",20130150,5,150
"3478",20130151,5,151
"3480",20130153,5,153
"3481",20130154,5,154
"3483",20130156,5,156
"3486",20130159,5,159
"3487",20130160,5,160
"3488",20130161,5,161
"3489",20130162,5,162
"3490",20130163,5,163
"3491",20130164,5,164
"3494",20130167,5,167
"3495",20130168,5,168
"3496",20130169,6,169
"3498",20130171,6,171
"3499",20130172,6,172
"3500",20130173,6,173
"3501",20130174,6,174
"3503",20130176,6,176
"3504",20130177,6,177
"3506",20130179,6,179
"3507",20130180,6,180
"3509",20130182,6,182
"3511",20130184,6,184
"3512",20130185,6,185
"3514",20130187,6,187
"3515",20130188,6,188
"3516",20130189,6,189
"3517",20130190,6,190
"3518",20130191,6,191
"3519",20130192,6,192
"3522",20130195,6,195
"3523",20130196,6,196
"3524",20130197,6,197
"3525",20130198,6,198
"3526",20130199,6,199
"3529",20130202,6,202
"3531",20130204,6,204
"3537",20130210,7,210
"3539",20130212,7,212
"3540",20130213,7,213
"3541",20130214,7,214
"3542",20130215,7,215
"3544",20130217,7,217
"3545",20130218,7,218
"3548",20130221,7,221
"3549",20130222,7,222
"3550",20130223,7,223
"3552",20130225,7,225
"3553",20130226,7,226
"3554",20130227,7,227
"3555",20130228,7,228
"3556",20130229,7,229
"3557",20130230,7,230
"3558",20130231,7,231
"3559",20130232,7,232
"3560",20130233,7,233
"3561",20130234,7,234
"3562",20130235,7,235
"3563",20130236,7,236
"3565",20130238,7,238
"3567",20130240,7,240
"3568",20130241,7,241
"3571",20130244,7,244
"3572",20130245,7,245
"3574",20130247,7,247
"3575",20130248,7,248
"3578",20130251,7,251
"3581",20130254,7,254
"3582",20140001,1,1
"3583",20140002,1,2
"3584",20140003,1,3
"3585",20140004,1,4
"3586",20140005,1,5
"3587",20140006,1,6
"3588",20140007,1,7
"3589",20140008,1,8
"3590",20140009,1,9
"3591",20140010,1,10
"3592",20140011,1,11
"3593",20140012,1,12
"3594",20140013,1,13
"3595",20140014,1,14
"3596",20140015,1,15
"3597",20140016,1,16
"3598",20140017,1,17
"3599",20140018,1,18
"3600",20140019,1,19
"3601",20140020,1,20
"3602",20140021,1,21
"3603",20140022,1,22
"3604",20140023,1,23
"3605",20140024,1,24
"3606",20140025,1,25
"3607",20140026,1,26
"3608",20140027,1,27
"3609",20140028,1,28
"3610",20140029,1,29
"3611",20140030,1,30
"3612",20140031,1,31
"3613",20140032,1,32
"3614",20140033,2,33
"3615",20140034,2,34
"3616",20140035,2,35
"3617",20140036,2,36
"3618",20140037,2,37
"3619",20140038,2,38
"3620",20140039,2,39
"3621",20140040,2,40
"3622",20140041,2,41
"3623",20140042,2,42
"3624",20140043,2,43
"3625",20140044,2,44
"3626",20140045,2,45
"3627",20140046,2,46
"3628",20140047,2,47
"3629",20140048,2,48
"3630",20140049,2,49
"3631",20140050,2,50
"3632",20140051,2,51
"3633",20140052,2,52
"3634",20140053,2,53
"3635",20140054,2,54
"3636",20140055,2,55
"3637",20140056,2,56
"3638",20140057,2,57
"3639",20140058,2,58
"3640",20140059,2,59
"3641",20140060,2,60
"3642",20140061,2,61
"3643",20140062,2,62
"3644",20140063,2,63
"3645",20140064,2,64
"3646",20140065,3,65
"3647",20140066,3,66
"3648",20140067,3,67
"3650",20140069,3,69
"3651",20140070,3,70
"3652",20140071,3,71
"3653",20140072,3,72
"3654",20140073,3,73
"3655",20140074,3,74
"3656",20140075,3,75
"3657",20140076,3,76
"3658",20140077,3,77
"3660",20140079,3,79
"3662",20140081,3,81
"3663",20140082,3,82
"3664",20140083,3,83
"3665",20140084,3,84
"3666",20140085,3,85
"3667",20140086,3,86
"3668",20140087,3,87
"3669",20140088,3,88
"3670",20140089,3,89
"3671",20140090,3,90
"3672",20140091,3,91
"3673",20140092,3,92
"3674",20140093,3,93
"3675",20140094,3,94
"3676",20140095,3,95
"3677",20140096,3,96
"3678",20140097,3,97
"3679",20140098,3,98
"3680",20140099,3,99
"3681",20140100,3,100
"3682",20140101,4,101
"3683",20140102,4,102
"3684",20140103,4,103
"3685",20140104,4,104
"3687",20140106,4,106
"3688",20140107,4,107
"3689",20140108,4,108
"3690",20140109,4,109
"3691",20140110,4,110
"3692",20140111,4,111
"3693",20140112,4,112
"3694",20140113,4,113
"3696",20140115,4,115
"3697",20140116,4,116
"3698",20140117,4,117
"3699",20140118,4,118
"3700",20140119,4,119
"3701",20140120,4,120
"3702",20140121,4,121
"3703",20140122,4,122
"3704",20140123,4,123
"3705",20140124,4,124
"3707",20140126,4,126
"3708",20140127,4,127
"3709",20140128,4,128
"3710",20140129,4,129
"3711",20140130,4,130
"3712",20140131,4,131
"3713",20140132,4,132
"3714",20140133,4,133
"3716",20140135,4,135
"3717",20140136,4,136
"3718",20140137,4,137
"3719",20140138,4,138
"3720",20140139,4,139
"3721",20140140,4,140
"3722",20140141,5,141
"3723",20140142,5,142
"3724",20140143,5,143
"3725",20140144,5,144
"3726",20140145,5,145
"3727",20140146,5,146
"3728",20140147,5,147
"3729",20140148,5,148
"3731",20140150,5,150
"3732",20140151,5,151
"3733",20140152,5,152
"3734",20140153,5,153
"3735",20140154,5,154
"3736",20140155,5,155
"3737",20140156,5,156
"3739",20140158,5,158
"3740",20140159,5,159
"3742",20140161,5,161
"3743",20140162,5,162
"3745",20140164,5,164
"3746",20140165,5,165
"3747",20140166,5,166
"3748",20140167,5,167
"3750",20140169,5,169
"3751",20140170,5,170
"3752",20140171,5,171
"3754",20140173,5,173
"3755",20140174,5,174
"3756",20140175,5,175
"3757",20140176,5,176
"3759",20140178,6,178
"3760",20140179,6,179
"3762",20140181,6,181
"3763",20140182,6,182
"3764",20140183,6,183
"3765",20140184,6,184
"3766",20140185,6,185
"3767",20140186,6,186
"3768",20140187,6,187
"3769",20140188,6,188
"3770",20140189,6,189
"3771",20140190,6,190
"3772",20140191,6,191
"3773",20140192,6,192
"3774",20140193,6,193
"3775",20140194,6,194
"3776",20140195,6,195
"3777",20140196,6,196
"3778",20140197,6,197
"3779",20140198,6,198
"3785",20140204,6,204
"3787",20140206,6,206
"3788",20140207,6,207
"3790",20140209,6,209
"3791",20140210,6,210
"3794",20140213,6,213
"3796",20140215,6,215
"3797",20140216,7,216
"3799",20140218,7,218
"3800",20140219,7,219
"3801",20140220,7,220
"3803",20140222,7,222
"3806",20140225,7,225
"3814",20140233,7,233
"3817",20140236,7,236
"3818",20140237,7,237
"3821",20140240,7,240
"3824",20140243,7,243
"3825",20140244,7,244
"3827",20140246,7,246
"3828",20140247,7,247
"3829",20140248,7,248
"3830",20140249,7,249
"3833",20140252,7,252
"3834",20140253,7,253
"3835",20140254,7,254
"3836",20140255,7,255
"3838",20150001,1,1
"3839",20150002,1,2
"3840",20150003,1,3
"3841",20150004,1,4
"3842",20150005,1,5
"3843",20150006,1,6
"3844",20150007,1,7
"3845",20150008,1,8
"3846",20150009,1,9
"3847",20150010,1,10
"3848",20150011,1,11
"3849",20150012,1,12
"3850",20150013,1,13
"3851",20150014,1,14
"3852",20150015,1,15
"3853",20150016,1,16
"3854",20150017,1,17
"3855",20150018,1,18
"3856",20150019,1,19
"3857",20150020,1,20
"3858",20150021,1,21
"3859",20150022,1,22
"3860",20150023,1,23
"3861",20150024,1,24
"3862",20150025,1,25
"3863",20150026,1,26
"3864",20150027,1,27
"3865",20150028,1,28
"3866",20150029,1,29
"3867",20150030,1,30
"3868",20150031,1,31
"3869",20150032,1,32
"3870",20150033,2,33
"3871",20150034,2,34
"3872",20150035,2,35
"3873",20150036,2,36
"3874",20150037,2,37
"3875",20150038,2,38
"3876",20150039,2,39
"3877",20150040,2,40
"3878",20150041,2,41
"3879",20150042,2,42
"3880",20150043,2,43
"3881",20150044,2,44
"3882",20150045,2,45
"3883",20150046,2,46
"3884",20150047,2,47
"3885",20150048,2,48
"3886",20150049,2,49
"3887",20150050,2,50
"3888",20150051,2,51
"3889",20150052,2,52
"3890",20150053,2,53
"3891",20150054,2,54
"3892",20150055,2,55
"3893",20150056,2,56
"3894",20150057,2,57
"3895",20150058,2,58
"3896",20150059,2,59
"3897",20150060,2,60
"3898",20150061,2,61
"3899",20150062,2,62
"3900",20150063,2,63
"3901",20150064,2,64
"3902",20150065,3,65
"3903",20150066,3,66
"3904",20150067,3,67
"3905",20150068,3,68
"3906",20150069,3,69
"3907",20150070,3,70
"3908",20150071,3,71
"3909",20150072,3,72
"3910",20150073,3,73
"3911",20150074,3,74
"3912",20150075,3,75
"3913",20150076,3,76
"3914",20150077,3,77
"3915",20150078,3,78
"3916",20150079,3,79
"3917",20150080,3,80
"3918",20150081,3,81
"3919",20150082,3,82
"3920",20150083,3,83
"3921",20150084,3,84
"3922",20150085,3,85
"3923",20150086,3,86
"3924",20150087,3,87
"3925",20150088,3,88
"3926",20150089,3,89
"3927",20150090,3,90
"3928",20150091,3,91
"3929",20150092,3,92
"3930",20150093,3,93
"3931",20150094,3,94
"3932",20150095,3,95
"3933",20150096,3,96
"3934",20150097,3,97
"3935",20150098,3,98
"3936",20150099,3,99
"3937",20150100,4,100
"3938",20150101,4,101
"3939",20150102,4,102
"3940",20150103,4,103
"3941",20150104,4,104
"3942",20150105,4,105
"3943",20150106,4,106
"3944",20150107,4,107
"3945",20150108,4,108
"3946",20150109,4,109
"3947",20150110,4,110
"3948",20150111,4,111
"3949",20150112,4,112
"3950",20150113,4,113
"3951",20150114,4,114
"3952",20150115,4,115
"3954",20150117,4,117
"3955",20150118,4,118
"3956",20150119,4,119
"3957",20150120,4,120
"3958",20150121,4,121
"3959",20150122,4,122
"3960",20150123,4,123
"3961",20150124,4,124
"3962",20150125,4,125
"3963",20150126,4,126
"3964",20150127,4,127
"3965",20150128,4,128
"3966",20150129,4,129
"3967",20150130,4,130
"3969",20150132,4,132
"3970",20150133,4,133
"3971",20150134,4,134
"3972",20150135,4,135
"3974",20150137,5,137
"3975",20150138,5,138
"3976",20150139,5,139
"3977",20150140,5,140
"3978",20150141,5,141
"3979",20150142,5,142
"3980",20150143,5,143
"3982",20150145,5,145
"3983",20150146,5,146
"3984",20150147,5,147
"3985",20150148,5,148
"3986",20150149,5,149
"3988",20150151,5,151
"3989",20150152,5,152
"3990",20150153,5,153
"3992",20150155,5,155
"3993",20150156,5,156
"3996",20150159,5,159
"3997",20150160,5,160
"3998",20150161,5,161
"3999",20150162,5,162
"4000",20150163,5,163
"4001",20150164,5,164
"4002",20150165,5,165
"4003",20150166,5,166
"4004",20150167,5,167
"4005",20150168,5,168
"4007",20150170,5,170
"4008",20150171,5,171
"4011",20150174,5,174
"4012",20150175,5,175
"4013",20150176,5,176
"4016",20150179,6,179
"4017",20150180,6,180
"4018",20150181,6,181
"4020",20150183,6,183
"4021",20150184,6,184
"4022",20150185,6,185
"4023",20150186,6,186
"4026",20150189,6,189
"4028",20150191,6,191
"4029",20150192,6,192
"4030",20150193,6,193
"4031",20150194,6,194
"4034",20150197,6,197
"4035",20150198,6,198
"4036",20150199,6,199
"4037",20150200,6,200
"4039",20150202,6,202
"4041",20150204,6,204
"4042",20150205,6,205
"4044",20150207,6,207
"4045",20150208,6,208
"4049",20150212,6,212
"4053",20150216,6,216
"4054",20150217,6,217
"4056",20150219,7,219
"4060",20150223,7,223
"4061",20150224,7,224
"4063",20150226,7,226
"4064",20150227,7,227
"4065",20150228,7,228
"4066",20150229,7,229
"4067",20150230,7,230
"4068",20150231,7,231
"4069",20150232,7,232
"4070",20150233,7,233
"4071",20150234,7,234
"4072",20150235,7,235
"4073",20150236,7,236
"4075",20150238,7,238
"4076",20150239,7,239
"4077",20150240,7,240
"4078",20150241,7,241
"4080",20150243,7,243
"4081",20150244,7,244
"4082",20150245,7,245
"4090",20150253,7,253
"4091",20150254,7,254
"4093",20150256,7,256
"4094",20160001,1,1
"4095",20160002,1,2
"4096",20160003,1,3
"4097",20160004,1,4
"4098",20160005,1,5
"4099",20160006,1,6
"4100",20160007,1,7
"4101",20160008,1,8
"4102",20160009,1,9
"4103",20160010,1,10
"4104",20160011,1,11
"4105",20160012,1,12
"4106",20160013,1,13
"4107",20160014,1,14
"4108",20160015,1,15
"4109",20160016,1,16
"4110",20160017,1,17
"4111",20160018,1,18
"4112",20160019,1,19
"4113",20160020,1,20
"4114",20160021,1,21
"4115",20160022,1,22
"4116",20160023,1,23
"4117",20160024,1,24
"4118",20160025,1,25
"4119",20160026,1,26
"4120",20160027,1,27
"4121",20160028,1,28
"4122",20160029,1,29
"4123",20160030,1,30
"4124",20160031,1,31
"4125",20160032,2,32
"4126",20160033,2,33
"4127",20160034,2,34
"4128",20160035,2,35
"4129",20160036,2,36
"4130",20160037,2,37
"4131",20160038,2,38
"4132",20160039,2,39
"4133",20160040,2,40
"4134",20160041,2,41
"4135",20160042,2,42
"4136",20160043,2,43
"4137",20160044,2,44
"4138",20160045,2,45
"4139",20160046,2,46
"4140",20160047,2,47
"4141",20160048,2,48
"4142",20160049,2,49
"4143",20160050,2,50
"4144",20160051,2,51
"4145",20160052,2,52
"4146",20160053,2,53
"4147",20160054,2,54
"4148",20160055,2,55
"4149",20160056,2,56
"4150",20160057,2,57
"4151",20160058,2,58
"4153",20160060,2,60
"4154",20160061,2,61
"4155",20160062,2,62
"4156",20160063,2,63
"4158",20160065,3,65
"4159",20160066,3,66
"4160",20160067,3,67
"4161",20160068,3,68
"4162",20160069,3,69
"4163",20160070,3,70
"4164",20160071,3,71
"4165",20160072,3,72
"4166",20160073,3,73
"4167",20160074,3,74
"4168",20160075,3,75
"4169",20160076,3,76
"4170",20160077,3,77
"4171",20160078,3,78
"4172",20160079,3,79
"4173",20160080,3,80
"4174",20160081,3,81
"4175",20160082,3,82
"4176",20160083,3,83
"4177",20160084,3,84
"4178",20160085,3,85
"4179",20160086,3,86
"4180",20160087,3,87
"4181",20160088,3,88
"4182",20160089,3,89
"4183",20160090,3,90
"4184",20160091,3,91
"4185",20160092,3,92
"4186",20160093,3,93
"4187",20160094,3,94
"4188",20160095,3,95
"4189",20160096,3,96
"4190",20160097,3,97
"4191",20160098,3,98
"4192",20160099,4,99
"4193",20160100,4,100
"4194",20160101,4,101
"4195",20160102,4,102
"4196",20160103,4,103
"4197",20160104,4,104
"4198",20160105,4,105
"4199",20160106,4,106
"4200",20160107,4,107
"4201",20160108,4,108
"4202",20160109,4,109
"4203",20160110,4,110
"4204",20160111,4,111
"4205",20160112,4,112
"4206",20160113,4,113
"4207",20160114,4,114
"4208",20160115,4,115
"4209",20160116,4,116
"4210",20160117,4,117
"4211",20160118,4,118
"4212",20160119,4,119
"4214",20160121,4,121
"4215",20160122,4,122
"4216",20160123,4,123
"4217",20160124,4,124
"4218",20160125,4,125
"4219",20160126,4,126
"4220",20160127,4,127
"4221",20160128,4,128
"4222",20160129,4,129
"4223",20160130,4,130
"4224",20160131,4,131
"4225",20160132,4,132
"4226",20160133,4,133
"4227",20160134,4,134
"4228",20160135,4,135
"4229",20160136,4,136
"4230",20160137,4,137
"4232",20160139,4,139
"4233",20160140,5,140
"4234",20160141,5,141
"4235",20160142,5,142
"4236",20160143,5,143
"4237",20160144,5,144
"4238",20160145,5,145
"4239",20160146,5,146
"4240",20160147,5,147
"4241",20160148,5,148
"4242",20160149,5,149
"4243",20160150,5,150
"4244",20160151,5,151
"4245",20160152,5,152
"4246",20160153,5,153
"4247",20160154,5,154
"4248",20160155,5,155
"4249",20160156,5,156
"4250",20160157,5,157
"4251",20160158,5,158
"4252",20160159,5,159
"4253",20160160,5,160
"4254",20160161,5,161
"4255",20160162,5,162
"4256",20160163,5,163
"4257",20160164,5,164
"4259",20160166,5,166
"4261",20160168,5,168
"4263",20160170,5,170
"4264",20160171,5,171
"4265",20160172,5,172
"4267",20160174,5,174
"4269",20160176,6,176
"4270",20160177,6,177
"4271",20160178,6,178
"4276",20160183,6,183
"4277",20160184,6,184
"4278",20160185,6,185
"4280",20160187,6,187
"4281",20160188,6,188
"4282",20160189,6,189
"4283",20160190,6,190
"4285",20160192,6,192
"4286",20160193,6,193
"4290",20160197,6,197
"4292",20160199,6,199
"4293",20160200,6,200
"4294",20160201,6,201
"4295",20160202,6,202
"4296",20160203,6,203
"4297",20160204,6,204
"4298",20160205,6,205
"4300",20160207,6,207
"4302",20160209,6,209
"4304",20160211,6,211
"4305",20160212,6,212
"4306",20160213,6,213
"4311",20160218,6,218
"4313",20160220,6,220
"4316",20160223,7,223
"4320",20160227,7,227
"4322",20160229,7,229
"4324",20160231,7,231
"4325",20160232,7,232
"4326",20160233,7,233
"4327",20160234,7,234
"4330",20160237,7,237
"4333",20160240,7,240
"4334",20160241,7,241
"4335",20160242,7,242
"4336",20160243,7,243
"4337",20160244,7,244
"4339",20160246,7,246
"4341",20160248,7,248
"4343",20160250,7,250
"4345",20160252,7,252
"4347",20170001,1,1
"4348",20170002,1,2
"4349",20170003,1,3
"4350",20170004,1,4
"4351",20170005,1,5
"4352",20170006,1,6
"4353",20170007,1,7
"4354",20170008,1,8
"4355",20170009,1,9
"4356",20170010,1,10
"4357",20170011,1,11
"4358",20170012,1,12
"4359",20170013,1,13
"4360",20170014,1,14
"4361",20170015,1,15
"4362",20170016,1,16
"4363",20170017,1,17
"4364",20170018,1,18
"4365",20170019,1,19
"4366",20170020,1,20
"4367",20170021,1,21
"4368",20170022,1,22
"4369",20170023,1,23
"4370",20170024,1,24
"4371",20170025,1,25
"4372",20170026,1,26
"4374",20170028,1,28
"4375",20170029,1,29
"4376",20170030,1,30
"4377",20170031,1,31
"4378",20170032,1,32
"4379",20170033,2,33
"4380",20170034,2,34
"4381",20170035,2,35
"4382",20170036,2,36
"4383",20170037,2,37
"4384",20170038,2,38
"4385",20170039,2,39
"4386",20170040,2,40
"4387",20170041,2,41
"4389",20170043,2,43
"4390",20170044,2,44
"4391",20170045,2,45
"4393",20170047,2,47
"4394",20170048,2,48
"4395",20170049,2,49
"4396",20170050,2,50
"4397",20170051,2,51
"4398",20170052,2,52
"4399",20170053,2,53
"4400",20170054,2,54
"4401",20170055,2,55
"4402",20170056,2,56
"4403",20170057,2,57
"4404",20170058,2,58
"4405",20170059,2,59
"4406",20170060,2,60
"4407",20170061,2,61
"4408",20170062,2,62
"4409",20170063,2,63
"4410",20170064,2,64
"4411",20170065,3,65
"4413",20170067,3,67
"4414",20170068,3,68
"4415",20170069,3,69
"4416",20170070,3,70
"4417",20170071,3,71
"4418",20170072,3,72
"4421",20170075,3,75
"4422",20170076,3,76
"4423",20170077,3,77
"4425",20170079,3,79
"4426",20170080,3,80
"4427",20170081,3,81
"4428",20170082,3,82
"4429",20170083,3,83
"4431",20170085,3,85
"4432",20170086,3,86
"4433",20170087,3,87
"4434",20170088,3,88
"4435",20170089,3,89
"4436",20170090,3,90
"4437",20170091,3,91
"4438",20170092,3,92
"4439",20170093,3,93
"4440",20170094,3,94
"4441",20170095,3,95
"4442",20170096,3,96
"4443",20170097,3,97
"4445",20170099,3,99
"4446",20170100,3,100
"4447",20170101,3,101
"4448",20170102,3,102
"4449",20170103,3,103
"4450",20170104,3,104
"4451",20170105,3,105
"4452",20170106,3,106
"4453",20170107,3,107
"4454",20170108,4,108
"4455",20170109,4,109
"4457",20170111,4,111
"4458",20170112,4,112
"4460",20170114,4,114
"4461",20170115,4,115
"4462",20170116,4,116
"4463",20170117,4,117
"4464",20170118,4,118
"4465",20170119,4,119
"4466",20170120,4,120
"4468",20170122,4,122
"4469",20170123,4,123
"4470",20170124,4,124
"4473",20170127,4,127
"4474",20170128,4,128
"4475",20170129,4,129
"4476",20170130,4,130
"4478",20170132,4,132
"4479",20170133,4,133
"4481",20170135,4,135
"4482",20170136,4,136
"4483",20170137,4,137
"4484",20170138,4,138
"4485",20170139,4,139
"4486",20170140,4,140
"4487",20170141,4,141
"4488",20170142,4,142
"4489",20170143,4,143
"4491",20170145,5,145
"4492",20170146,5,146
"4493",20170147,5,147
"4494",20170148,5,148
"4495",20170149,5,149
"4496",20170150,5,150
"4497",20170151,5,151
"4498",20170152,5,152
"4499",20170153,5,153
"4500",20170154,5,154
"4501",20170155,5,155
"4502",20170156,5,156
"4504",20170158,5,158
"4505",20170159,5,159
"4506",20170160,5,160
"4508",20170162,5,162
"4509",20170163,5,163
"4510",20170164,5,164
"4512",20170166,5,166
"4513",20170167,5,167
"4514",20170168,5,168
"4515",20170169,5,169
"4516",20170170,5,170
"4517",20170171,5,171
"4519",20170173,5,173
"4520",20170174,5,174
"4522",20170176,5,176
"4523",20170177,5,177
"4524",20170178,5,178
"4525",20170179,5,179
"4526",20170180,5,180
"4527",20170181,5,181
"4528",20170182,5,182
"4530",20170184,5,184
"4531",20170185,6,185
"4532",20170186,6,186
"4533",20170187,6,187
"4534",20170188,6,188
"4535",20170189,6,189
"4536",20170190,6,190
"4540",20170194,6,194
"4541",20170195,6,195
"4542",20170196,6,196
"4543",20170197,6,197
"4544",20170198,6,198
"4545",20170199,6,199
"4546",20170200,6,200
"4547",20170201,6,201
"4549",20170203,6,203
"4551",20170205,6,205
"4552",20170206,6,206
"4554",20170208,6,208
"4555",20170209,6,209
"4556",20170210,6,210
"4557",20170211,6,211
"4559",20170213,6,213
"4560",20170214,6,214
"4561",20170215,6,215
"4563",20170217,6,217
"4565",20170219,7,219
"4566",20170220,7,220
"4567",20170221,7,221
"4568",20170222,7,222
"4569",20170223,7,223
"4570",20170224,7,224
"4571",20170225,7,225
"4573",20170227,7,227
"4576",20170230,7,230
"4578",20170232,7,232
"4579",20170233,7,233
"4580",20170234,7,234
"4583",20170237,7,237
"4585",20170239,7,239
"4588",20170242,7,242
"4589",20170243,7,243
"4591",20170245,7,245
"4593",20170247,7,247
"4595",20170249,7,249
"4598",20170252,7,252
"4599",20170253,7,253
"4600",20180001,1,1
"4601",20180002,1,2
"4602",20180003,1,3
"4604",20180005,1,5
"4605",20180006,1,6
"4606",20180007,1,7
"4607",20180008,1,8
"4609",20180010,1,10
"4613",20180014,1,14
"4615",20180016,1,16
"4616",20180017,1,17
"4617",20180018,1,18
"4618",20180019,1,19
"4619",20180020,1,20
"4620",20180021,1,21
"4621",20180022,1,22
"4622",20180023,1,23
"4623",20180024,1,24
"4624",20180025,1,25
"4626",20180027,1,27
"4627",20180028,1,28
"4628",20180029,1,29
"4629",20180030,1,30
"4630",20180031,1,31
"4631",20180032,1,32
"4632",20180033,2,33
"4633",20180034,2,34
"4634",20180035,2,35
"4635",20180036,2,36
"4636",20180037,2,37
"4637",20180038,2,38
"4638",20180039,2,39
"4640",20180041,2,41
"4641",20180042,2,42
"4642",20180043,2,43
"4643",20180044,2,44
"4644",20180045,2,45
"4646",20180047,2,47
"4647",20180048,2,48
"4648",20180049,2,49
"4650",20180051,2,51
"4651",20180052,2,52
"4653",20180054,2,54
"4654",20180055,2,55
"4655",20180056,2,56
"4657",20180058,2,58
"4658",20180059,2,59
"4660",20180061,2,61
"4662",20180063,2,63
"4663",20180064,2,64
"4665",20180066,3,66
"4666",20180067,3,67
"4667",20180068,3,68
"4668",20180069,3,69
"4670",20180071,3,71
"4672",20180073,3,73
"4673",20180074,3,74
"4674",20180075,3,75
"4675",20180076,3,76
"4676",20180077,3,77
"4677",20180078,3,78
"4678",20180079,3,79
"4679",20180080,3,80
"4680",20180081,3,81
"4681",20180082,3,82
"4682",20180083,3,83
"4683",20180084,3,84
"4684",20180085,3,85
"4685",20180086,3,86
"4686",20180087,3,87
"4687",20180088,3,88
"4692",20180093,3,93
"4693",20180094,3,94
"4696",20180097,3,97
"4697",20180098,3,98
"4699",20180100,3,100
"4700",20180101,4,101
"4701",20180102,4,102
"4702",20180103,4,103
"4703",20180104,4,104
"4704",20180105,4,105
"4705",20180106,4,106
"4706",20180107,4,107
"4707",20180108,4,108
"4708",20180109,4,109
"4709",20180110,4,110
"4710",20180111,4,111
"4711",20180112,4,112
"4712",20180113,4,113
"4713",20180114,4,114
"4714",20180115,4,115
"4715",20180116,4,116
"4716",20180117,4,117
"4717",20180118,4,118
"4718",20180119,4,119
"4719",20180120,4,120
"4720",20180121,4,121
"4721",20180122,4,122
"4722",20180123,4,123
"4723",20180124,4,124
"4724",20180125,4,125
"4727",20180128,4,128
"4729",20180130,4,130
"4730",20180131,4,131
"4732",20180133,4,133
"4733",20180134,4,134
"4734",20180135,4,135
"4735",20180136,4,136
"4736",20180137,4,137
"4737",20180138,5,138
"4738",20180139,5,139
"4739",20180140,5,140
"4740",20180141,5,141
"4744",20180145,5,145
"4745",20180146,5,146
"4746",20180147,5,147
"4747",20180148,5,148
"4748",20180149,5,149
"4749",20180150,5,150
"4750",20180151,5,151
"4751",20180152,5,152
"4752",20180153,5,153
"4753",20180154,5,154
"4754",20180155,5,155
"4755",20180156,5,156
"4756",20180157,5,157
"4757",20180158,5,158
"4759",20180160,5,160
"4761",20180162,5,162
"4763",20180164,5,164
"4764",20180165,5,165
"4765",20180166,5,166
"4766",20180167,5,167
"4768",20180169,5,169
"4769",20180170,5,170
"4770",20180171,5,171
"4771",20180172,5,172
"4772",20180173,5,173
"4775",20180176,6,176
"4776",20180177,6,177
"4777",20180178,6,178
"4778",20180179,6,179
"4779",20180180,6,180
"4780",20180181,6,181
"4781",20180182,6,182
"4782",20180183,6,183
"4783",20180184,6,184
"4784",20180185,6,185
"4786",20180187,6,187
"4788",20180189,6,189
"4789",20180190,6,190
"4790",20180191,6,191
"4791",20180192,6,192
"4792",20180193,6,193
"4796",20180197,6,197
"4797",20180198,6,198
"4798",20180199,6,199
"4801",20180202,6,202
"4802",20180203,6,203
"4804",20180205,6,205
"4809",20180210,6,210
"4810",20180211,6,211
"4812",20180213,6,213
"4813",20180214,6,214
"4815",20180216,6,216
"4816",20180217,6,217
"4817",20180218,6,218
"4818",20180219,7,219
"4827",20180228,7,228
"4829",20180230,7,230
"4831",20180232,7,232
"4833",20180234,7,234
"4835",20180236,7,236
"4836",20180237,7,237
"4839",20180240,7,240
"4841",20180242,7,242
"4844",20180245,7,245
"4845",20180246,7,246
"4848",20180249,7,249
"4849",20180250,7,250
"4850",20180251,7,251
"4855",20180256,7,256
