"","playerId","position","heightInches","weight","ageAtDraft","combine40yd","combineVert","combineBench","combineShuttle","combineBroad","combine3cone","round","pick"
"1",20000188,"OG",76,325,22.8602739726027,5.58,25,23,4.98,94,8.48,6,188
"2",20000247,"OT",78,304,23.0767123287671,5.36,28,20,4.73,96,7.72,7,247
"3",20000206,"OT",76,306,23.186301369863,5.12,31.5,17,4.58,103,7.76,6,206
"4",20000112,"OG",77,310,22.6931506849315,5.2,31,28,4.48,100,7.82,4,112
"5",20000123,"OT",79,305,23.2547945205479,5.12,31,28,4.65,103,7.65,4,123
"6",20000037,"OG",77,300,22.0794520547945,5.18,31.5,29,4.86,100,7.77,2,37
"7",20000044,"OT",77,320,23.8191780821918,5.12,30.5,24,4.73,102,7.58,2,44
"8",20000182,"OG",76,320,23.2712328767123,5.66,25.5,24,5.22,94,8.51,6,182
"9",20000138,"OG",76,310,26.5753424657534,5.6,28,35,4.99,99,8.07,5,138
"10",20000082,"OG",76,320,22.5972602739726,5.53,31,25,4.76,104,7.91,3,82
"11",20000220,"OG",74,303,23.5424657534247,5.49,28,26,4.6,103,7.54,7,220
"12",20000083,"OT",76,320,23.0739726027397,5.35,26,23,4.71,97,7.72,3,83
"13",20000060,"OG",75,292,23.0794520547945,5.13,34,25,4.43,110,7.46,2,60
"14",20000148,"OG",75,300,24.9424657534247,5.4,26,18,4.78,97,7.84,5,148
"15",20000129,"OG",74,318,23.4684931506849,5.47,24.5,34,5.06,94,8.37,4,129
"16",20000104,"OT",75,315,23.3095890410959,5.38,25.5,27,4.74,98,7.82,4,104
"17",20000131,"OG",75,310,22.4794520547945,5.38,26.5,20,4.88,99,7.49,5,131
"18",20000127,"OT",77,322,21.827397260274,5.62,26,22,5.13,95,8.15,4,127
"19",20000237,"OG",77,321,23.1205479452055,5.68,22.5,18,4.81,98,8.48,7,237
"20",20000038,"OT",77,321,21.7068493150685,5.34,27.5,24,4.84,100,7.87,2,38
"21",20000224,"OT",75,320,22.8438356164384,5.43,27,22,4.84,90,7.91,7,224
"22",20000100,"OT",76,295,23.1890410958904,5.3,26,16,4.73,104,7.99,4,100
"23",20000053,"OT",80,303,23.4739726027397,5.25,27.5,29,4.68,101,7.68,2,53
"24",20000061,"OG",76,345,23.5698630136986,5.34,29,28,4.72,97,7.78,2,61
"25",20010018,"OT",77,305,23.5972602739726,5.29,27,25,4.67,99,8.27,1,18
"26",20010002,"OG",78,355,22.641095890411,5.32,28,33,5.18,105,8.2,1,2
"27",20010220,"OG",76,304,23.7671232876712,5.29,31.5,32,4.6,108,7.62,7,220
"28",20010156,"OT",75,275,22.0602739726027,5.28,32,17,4.77,106,8.1,5,156
"29",20010219,"OG",75,302,22.6328767123288,5.29,27,23,4.7,97,8.56,7,219
"30",20010099,"OG",74,310,22.0876712328767,5.01,32.5,37,4.53,114,7.71,4,99
"31",20010113,"OG",77,290,23.6904109589041,5.29,33.5,17,4.62,106,7.62,4,113
"32",20010151,"OG",76,300,23.5534246575342,5.43,26.5,16,4.69,95,7.85,5,151
"33",20010017,"OG",77,313,23.4849315068493,5.14,33.5,31,4.74,106,7.82,1,17
"34",20010095,"OT",75,328,23.4301369863014,5.27,29.5,31,4.93,102,8.08,3,95
"35",20010137,"C",74,304,22.0054794520548,5.28,31.5,28,4.44,111,7.59,5,137
"36",20010135,"OG",76,315,23.3561643835616,5.33,30,37,4.73,105,8,5,135
"37",20010079,"OT",78,330,21.9260273972603,5.28,33,20,4.8,104,7.87,3,79
"38",20010111,"OT",75,300,22.9616438356164,5.57,35.5,29,4.18,113,7.66,4,111
"39",20010222,"C",77,313,21.2493150684931,5.16,35,25,4.72,107,8.08,7,222
"40",20010146,"C",73,305,22.5232876712329,5.33,32.5,24,4.61,103,7.87,5,146
"41",20010217,"OG",76,305,22.6027397260274,5.36,28,18,4.56,92,8.1,7,217
"42",20010050,"C",73,295,22.3232876712329,5.13,33,29,4.35,108,7.55,2,50
"43",20010138,"OG",75,310,21.8821917808219,5.24,30,19,4.58,106,8.06,5,138
"44",20010132,"OT",79,320,23.1835616438356,5.42,31.5,19,4.66,99,7.81,5,132
"45",20010144,"OT",77,325,23.2301369863014,5.31,30.5,28,4.8,98,8.36,5,144
"46",20010014,"OT",77,302,22.2328767123288,5.18,31.5,24,4.6,109,7.7,1,14
"47",20010170,"OG",76,320,24.2876712328767,5.2,32.5,26,4.9,99,7.98,6,170
"48",20010211,"C",76,291,22.0438356164384,5.44,28.5,25,4.67,103,7.86,7,211
"49",20010128,"OG",76,328,22.4465753424658,5.57,29.5,23,4.96,97,8.78,4,128
"50",20020178,"OG",78,327,22.7835616438356,5.55,29,26,4.8,101,7.99,6,178
"51",20020213,"OG",76,307,22.3945205479452,5.25,25.5,30,4.81,86,7.96,7,213
"52",20020029,"OT",80,320,23.5479452054795,5.31,29.5,30,4.6,100,7.65,1,29
"53",20020039,"OG",76,340,20.4109589041096,5.53,28.5,32,4.81,94,8.12,2,39
"54",20020076,"C",75,310,23.0712328767123,5.46,27,32,4.6,99,7.51,3,76
"55",20020239,"OG",75,312,22.1671232876712,5.25,28,33,4.6,94,7.56,7,239
"56",20020171,"OT",78,304,23.4575342465753,5.35,28.5,20,4.54,98,7.58,5,171
"57",20020248,"OT",77,305,23.4109589041096,5.09,29.5,24,4.49,107,7.34,7,248
"58",20020090,"C",75,310,22.8712328767123,4.99,33.5,23,4.51,104,7.36,3,90
"59",20020124,"C",75,308,23.4219178082192,5.14,33.5,36,4.69,95,7.68,4,124
"60",20020255,"C",76,309,23.0164383561644,5.37,26.5,23,4.6,91,7.9,7,255
"61",20020259,"OG",78,330,23.4575342465753,5.58,25,20,5.16,92,9,7,259
"62",20020030,"OG",75,315,23.1260273972603,5.34,28.5,24,4.71,98,7.84,1,30
"63",20020053,"OT",80,360,22.6438356164384,5.26,28.5,21,4.95,102,8.09,2,53
"64",20020066,"OG",76,308,24.5698630136986,5.39,32,34,4.63,100,7.68,3,66
"65",20030185,"OG",77,318,23.0328767123288,5.45,28.5,25,4.74,96,8.12,6,185
"66",20030160,"OT",77,304,22.6246575342466,5.26,28,22,4.97,96,8.1,5,160
"67",20030208,"OT",76,307,23.4383561643836,5.1,24.5,36,4.86,95,8.22,6,208
"68",20030008,"OT",76,305,22.7808219178082,5.05,31.5,28,4.34,112,7.69,1,8
"69",20030073,"OT",77,318,21.8301369863014,5.16,31,37,4.54,104,7.72,3,73
"70",20030133,"C",75,288,22.0547945205479,5.57,28,20,4.72,106,7.99,4,133
"71",20030215,"OT",78,335,22.5452054794521,5.18,31,28,4.57,103,7.93,7,215
"72",20030164,"C",74,300,23.6356164383562,5.31,28.5,27,4.46,101,8.24,5,164
"73",20030168,"OG",75,301,22.9260273972603,5.16,30,30,4.75,105,7.75,5,168
"74",20030072,"OG",74,333,22.8027397260274,5.19,29.5,27,4.37,107,7.57,3,72
"75",20030130,"OT",77,303,23.6328767123288,5.33,27,20,4.93,90,8.19,4,130
"76",20030209,"OT",77,301,22.6849315068493,5.3,28.5,21,4.67,102,8.37,6,209
"77",20030204,"OT",79,317,23.0356164383562,5.52,26.5,21,4.83,92,8.19,6,204
"78",20030122,"OG",77,325,22.6767123287671,5.52,28,23,4.65,98,7.84,4,122
"79",20030078,"OT",76,295,22.013698630137,5.15,32.5,24,4.71,114,7.6,3,78
"80",20030151,"OG",77,307,23.9972602739726,5.01,30,18,4.43,109,7.69,5,151
"81",20030037,"OT",77,315,23.6794520547945,5.09,35,32,4.58,115,7.83,2,37
"82",20030184,"OG",75,303,21.5068493150685,5.23,28.5,25,4.51,103,7.81,6,184
"83",20030075,"OT",79,330,23.7369863013699,5.15,31.5,20,4.5,107,7.57,3,75
"84",20030177,"OG",76,318,22.4904109589041,5.2,29,23,4.53,104,8.34,6,177
"85",20030087,"OG",76,316,23.1917808219178,5.2,30,28,4.55,106,7.95,3,87
"86",20030225,"OT",77,325,24.6575342465753,5.14,32.5,27,4.54,108,8.06,7,225
"87",20040016,"OT",76,330,21.3452054794521,5.49,25,27,4.85,98,8.25,1,16
"88",20040123,"OT",78,318,22.9095890410959,5.07,30.5,34,4.78,106,8.09,4,123
"89",20040159,"OT",78,306,23.2575342465753,5.29,24.5,25,4.76,97,7.66,5,159
"90",20040178,"OT",79,294,23.0712328767123,5.17,27.5,27,4.4,107,7.57,6,178
"91",20040176,"OT",79,315,25.1178082191781,5.51,27,22,4.4,101,7.56,6,176
"92",20040131,"OT",77,310,23.0191780821918,5.23,28.5,22,4.66,110,7.85,4,131
"93",20040115,"OT",79,335,20.6383561643836,5.46,28.5,26,4.89,102,8.3,4,115
"94",20040002,"OT",79,325,23.7616438356164,4.97,30,24,4.38,105,7.42,1,2
"95",20040174,"OG",74,310,22.2520547945205,5.51,24.5,27,4.66,91,7.94,6,174
"96",20040066,"C",76,305,22.6575342465753,5.2,34,27,4.55,108,7.72,3,66
"97",20040132,"OT",76,330,22.8876712328767,4.95,31,27,4.58,114,7.81,4,132
"98",20040167,"C",75,291,22.1342465753425,5.23,27,18,4.47,97,7.71,6,167
"99",20040084,"OT",76,310,22.9205479452055,5.19,29,27,4.56,100,7.85,3,84
"100",20040180,"OT",78,310,23.0082191780822,5.09,29.5,21,4.6,105,7.75,6,180
"101",20040221,"OG",78,302,22.5835616438356,5.35,27,26,4.6,97,8.01,7,221
"102",20040083,"OG",76,323,22.2986301369863,5.45,24.5,23,4.68,95,7.87,3,83
"103",20040246,"OT",77,319,23.213698630137,5.4,28,31,4.66,105,7.97,7,246
"104",20040141,"OG",77,292,23.0383561643836,5.04,34.5,24,4.68,110,7.96,5,141
"105",20040190,"C",74,288,22.7616438356164,5.06,30,30,4.24,99,7.53,6,190
"106",20040046,"OG",75,310,22.4657534246575,5,32,19,4.41,111,7.72,2,46
"107",20040034,"OG",75,305,22.2794520547945,5.1,30.5,29,4.66,104,7.75,2,34
"108",20040075,"OT",80,345,22.3013698630137,5.43,27.5,21,4.65,98,7.88,3,75
"109",20040146,"OG",77,311,23.0547945205479,5.18,29,27,4.98,105,8.03,5,146
"110",20040251,"C",74,302,23.3095890410959,5.26,31,31,4.35,109,7.56,7,251
"111",20040151,"OT",79,320,23.4657534246575,5.38,28.5,24,4.49,108,7.53,5,151
"112",20050162,"OT",77,315,24.1972602739726,5.23,32.5,18,4.6,100,7.62,5,162
"113",20050211,"OT",79,320,23.0794520547945,5.52,34,26,4.66,93,7.62,6,211
"114",20050033,"C",76,312,23.5835616438356,5.07,29.5,29,4.46,102,7.5,2,33
"115",20050052,"OT",78,320,23.0219178082192,4.99,35,26,4.54,104,7.57,2,52
"116",20050207,"C",77,305,22.9287671232877,5.2,27,30,4.62,96,7.77,6,207
"117",20050124,"C",75,320,21.9835616438356,5.5,30.5,23,4.51,102,7.72,4,124
"118",20050107,"OG",76,300,23.5068493150685,5.35,28,29,4.59,106,7.9,4,107
"119",20050143,"C",75,313,21.4794520547945,5.34,29.5,21,4.56,101,7.93,5,143
"120",20050197,"OG",74,315,22.9315068493151,5.38,25,34,4.62,92,7.87,6,197
"121",20050119,"C",76,303,23.9205479452055,5.14,32,30,4.56,102,7.87,4,119
"122",20050169,"C",77,305,23.0191780821918,5.25,28.5,26,4.52,100,7.62,5,169
"123",20050165,"C",76,301,24.1561643835616,5.02,34.5,31,4.48,107,7.53,5,165
"124",20050049,"OT",78,321,23.4082191780822,5.56,27.5,21,4.71,97,7.71,2,49
"125",20050204,"OG",75,344,22.3150684931507,5.36,29,26,4.54,97,7.75,6,204
"126",20050153,"OT",79,328,22.6876712328767,5.52,33,28,4.77,110,7.8,5,153
"127",20050150,"OT",78,320,23.2849315068493,5.35,31,14,4.68,98,7.74,5,150
"128",20050032,"OG",76,308,23.1369863013699,5.14,30,21,4.44,95,7.52,1,32
"129",20050079,"OG",77,301,23.4904109589041,4.96,34,35,4.16,117,7.37,3,79
"130",20050214,"OT",80,330,23.5369863013699,5.45,25.5,26,4.8,90,7.97,6,214
"131",20050254,"OG",78,307,23.1972602739726,5.18,28.5,22,4.47,95,7.5,7,254
"132",20050163,"OT",76,315,22.4301369863014,5.4,28.5,22,4.72,101,8.19,5,163
"133",20050238,"OT",78,321,23.0493150684932,5.34,28.5,17,4.8,88,7.95,7,238
"134",20050122,"C",77,311,22.8794520547945,5.42,32,21,4.45,96,7.57,4,122
"135",20050041,"OT",79,313,22.5643835616438,5.28,29,19,4.5,96,7.72,2,41
"136",20050177,"OG",76,317,24.0575342465753,5.42,28,26,4.43,104,7.68,6,177
"137",20050094,"OT",78,325,23.2438356164384,5.37,28.5,21,4.83,93,7.83,3,94
"138",20050026,"C",75,308,23.0876712328767,5.24,29,26,4.59,104,8.06,1,26
"139",20050134,"OG",74,330,23.0246575342466,5.41,24.5,27,4.75,88,8.17,4,134
"140",20050172,"OG",76,312,23.7890410958904,5.07,32.5,43,4.37,115,7.46,5,172
"141",20060176,"OG",77,320,22.8328767123288,5.44,31.5,23,5.07,98,8.36,6,176
"142",20060089,"OT",76,310,23.2301369863014,5.32,28,16,4.55,106,7.9,3,89
"143",20060056,"OG",75,303,23.3095890410959,4.91,31.5,27,4.5,106,7.31,2,56
"144",20060187,"OT",78,320,22.4958904109589,5.34,26,24,4.63,102,7.8,6,187
"145",20060047,"OG",76,308,24.227397260274,5.07,32.5,21,4.58,110,7.43,2,47
"146",20060051,"C",78,331,22.9917808219178,5.49,26.5,28,4.66,97,7.93,2,51
"147",20060198,"C",75,292,23.0328767123288,5.18,30,28,4.68,101,7.59,6,198
"148",20060108,"OG",76,318,22.7013698630137,5.25,27,20,4.8,95,7.98,4,108
"149",20060099,"OG",75,320,22.4575342465753,5.54,24.5,27,5.08,95,8.56,4,99
"150",20060161,"OG",76,303,23.3753424657534,5.12,30,24,4.6,109,7.59,5,161
"151",20060041,"OG",76,338,23,5.46,28,26,4.76,97,8.04,2,41
"152",20060029,"C",76,307,22.3068493150685,5.09,27.5,24,4.36,104,7.47,1,29
"153",20060217,"OG",74,315,22.3041095890411,5.04,24.5,28,4.76,93,7.87,7,217
"154",20060069,"OG",78,315,23.013698630137,5.11,29.5,28,4.62,110,7.72,3,69
"155",20060234,"C",75,304,23.2219178082192,5.12,29.5,35,4.43,104,7.4,7,234
"156",20060139,"OT",77,295,22.0301369863014,5.49,28.5,21,5.11,102,8.45,5,139
"157",20060201,"C",73,300,24.2493150684931,5.29,27,27,4.69,96,7.85,6,201
"158",20060242,"OG",76,318,22.1698630136986,5.4,26.5,19,4.53,100,7.63,7,242
"159",20060112,"OG",75,315,24.0027397260274,5.19,28.5,20,4.98,101,8.13,4,112
"160",20060075,"OG",75,298,23.3753424657534,5.43,28.5,25,4.55,102,7.82,3,75
"161",20060205,"OG",77,300,23.5835616438356,5.39,24.5,24,4.59,100,7.58,6,205
"162",20060210,"OG",79,320,22.6164383561644,5.45,21,19,4.83,94,8.01,7,210
"163",20060162,"OG",78,303,23.0219178082192,5.12,26.5,23,4.7,100,7.45,5,162
"164",20060059,"OT",80,320,22.986301369863,5.31,27.5,20,4.68,96,7.82,2,59
"165",20060129,"OT",77,315,22.9561643835616,4.96,29,26,4.59,102,7.38,4,129
"166",20060224,"C",77,293,24.213698630137,5.37,25,16,4.79,101,7.53,7,224
"167",20060055,"OT",79,333,24.3945205479452,5.17,30.5,28,4.83,112,8.23,2,55
"168",20070088,"OG",76,310,23.4520547945205,5.08,30,27,4.65,106,7.8,3,88
"169",20070119,"OT",76,310,22.8630136986301,4.88,32,28,4.63,105,7.4,4,119
"170",20070130,"OG",74,310,23.8438356164384,5.4,25.5,24,4.81,93,8.24,4,130
"171",20070039,"OG",76,326,23.3698630136986,5.1,28.5,40,4.72,101,7.75,2,39
"172",20070005,"OT",78,324,23.1315068493151,5.42,25.5,31,4.89,97,7.87,1,5
"173",20070198,"C",76,305,23.7561643835616,5.15,26,31,4.65,102,7.51,6,198
"174",20070214,"OT",79,315,23.572602739726,5.65,27.5,21,4.92,97,8.1,7,214
"175",20070122,"OT",78,325,23.3232876712329,5.21,30,22,4.53,111,7.38,4,122
"176",20070163,"OT",76,305,24.2767123287671,5.1,32.5,34,4.4,103,7.5,5,163
"177",20070029,"OG",75,310,23.1479452054795,5.21,26.5,29,4.72,103,7.99,1,29
"178",20070115,"OG",75,303,22.9068493150685,5.36,24.5,29,4.8,96,8,4,115
"179",20070070,"OT",77,302,22.1452054794521,5.11,25.5,22,4.52,100,7.78,3,70
"180",20070091,"OT",79,340,22.5095890410959,5.12,28.5,20,4.87,109,7.6,3,91
"181",20070209,"OT",78,300,22.0191780821918,5.34,27,28,4.65,106,7.45,6,209
"182",20070059,"C",74,300,22.0958904109589,4.98,26,34,4.34,104,7.5,2,59
"183",20070189,"OT",77,300,23.3205479452055,5.09,32,20,4.47,106,7.44,6,189
"184",20070199,"C",75,299,23.4520547945205,5.33,28,27,4.53,105,7.48,6,199
"185",20070223,"OT",77,308,23.7780821917808,5.24,26.5,20,4.67,105,7.62,7,223
"186",20070230,"OG",76,304,23.6575342465753,5.16,29,23,4.74,102,7.47,7,230
"187",20070060,"C",75,300,22.4246575342466,5.26,33,25,4.29,101,7.47,2,60
"188",20070190,"OT",77,322,22.2465753424658,5.3,24.5,28,5.05,102,8.35,6,190
"189",20070156,"OG",75,326,23.8767123287671,5.44,28.5,34,4.81,101,7.72,5,156
"190",20070196,"OT",76,305,22.6109589041096,5.22,27,26,4.64,100,7.78,6,196
"191",20070003,"OT",78,312,22.4109589041096,4.94,33,28,4.88,110,7.95,1,3
"192",20080015,"OT",77,314,23.4904109589041,5.21,26,23,4.78,111,7.97,1,15
"193",20080219,"OT",77,311,23.9972602739726,5.31,26.5,9,4.65,109,7.65,7,219
"194",20080026,"OT",76,305,22.6712328767123,5.09,27.5,24,4.52,105,7.58,1,26
"195",20080017,"OT",79,316,23.8438356164384,5.19,23,24,4.82,102,7.6,1,17
"196",20080234,"OT",77,325,23.8630136986301,5.35,23,23,4.68,106,7.47,7,234
"197",20080112,"OT",77,315,22.4958904109589,5.59,22.5,26,4.87,97,7.71,4,112
"198",20080099,"OT",76,315,23.841095890411,5.18,24.5,23,4.8,107,7.9,3,99
"199",20080150,"OT",79,320,22.5945205479452,5.24,22.5,23,4.63,108,7.56,5,150
"200",20080184,"OG",76,305,22.4520547945205,5.3,27,31,4.64,110,7.21,6,184
"201",20080065,"OG",76,318,23.1068493150685,5.35,26,30,4.82,108,8.03,3,65
"202",20080133,"OG",78,315,25.1671232876712,5.3,26,25,4.75,100,7.69,4,133
"203",20080201,"C",75,293,23.9342465753425,5.27,21,23,4.58,98,7.4,6,201
"204",20080001,"OT",79,322,22.9808219178082,5.26,27.5,37,4.73,102,7.44,1,1
"205",20080109,"C",76,325,23.1506849315068,5.41,23,30,4.72,101,7.58,4,109
"206",20080110,"OG",76,295,25.3753424657534,5.4,21.5,29,4.89,100,7.74,4,110
"207",20080164,"OG",77,349,22.9671232876712,5.26,25.5,31,4.68,109,7.91,5,164
"208",20080059,"OG",75,300,23.2054794520548,5.05,25,29,4.47,110,7.49,2,59
"209",20080039,"OG",77,323,22.1315068493151,5.26,25.5,28,5.14,108,8.01,2,39
"210",20080236,"C",77,295,23.5616438356164,5.27,26.5,22,4.69,107,7.58,7,236
"211",20080170,"OT",78,319,21.9643835616438,5.49,25.5,24,5.16,100,8,6,170
"212",20080096,"OG",77,321,22.9945205479452,5.51,28.5,26,4.56,106,7.84,3,96
"213",20080187,"C",76,310,22.7315068493151,5.4,30,21,4.55,103,7.62,6,187
"214",20080195,"OG",76,306,22.6,5.08,24.5,28,4.78,100,7.45,6,195
"215",20080107,"C",76,296,23.4301369863014,5.32,30.5,26,4.55,113,7.45,4,107
"216",20080014,"OL",78,326,22.6821917808219,5.15,25,21,4.85,103,7.95,1,14
"217",20080083,"OG",76,300,21.9178082191781,5.07,26.5,35,4.54,107,7.59,3,83
"218",20090060,"OT",78,319,24.1643835616438,5.06,33.5,27,4.77,107,7.62,2,60
"219",20090075,"OT",76,320,22.7534246575342,5.29,30.5,23,4.75,98,7.68,3,75
"220",20090039,"OT",78,308,21.5452054794521,5.14,28.5,24,4.91,100,7.87,2,39
"221",20090077,"OG",75,315,23.0328767123288,5.24,28,23,5.04,111,7.96,3,77
"222",20090155,"OT",77,301,23.0356164383562,5.01,31,27,4.56,111,7.35,5,155
"223",20090135,"OT",78,295,22.7506849315069,5.3,30,21,4.84,100,7.65,4,135
"224",20090054,"OT",80,345,23.2739726027397,5.49,29,24,5.06,95,8.18,2,54
"225",20090106,"C",76,310,22.7205479452055,5.14,31,26,4.79,99,7.69,4,106
"226",20090162,"OG",77,312,22.972602739726,4.99,28,31,4.82,105,8.01,5,162
"227",20090008,"OT",77,300,22.0356164383562,5.18,28.5,23,4.78,110,7.86,1,8
"228",20090228,"OT",79,330,23.4630136986301,4.82,35,25,4.34,110,7.06,7,228
"229",20090023,"OT",76,315,22.9260273972603,5.34,30.5,21,4.6,103,7.81,1,23
"230",20090132,"OG",77,305,23.3698630136986,5.23,24.5,23,4.7,90,7.59,4,132
"231",20090156,"OT",79,310,21.8328767123288,5.4,22,19,4.88,94,7.87,5,156
"232",20090226,"C",73,307,22.9424657534247,5.19,31,33,4.4,100,7.46,7,226
"233",20090002,"OT",77,310,23.0027397260274,5.09,24,33,4.69,96,7.53,1,2
"234",20090159,"OT",77,323,23.9972602739726,5.4,25.5,24,5.02,94,8.33,5,159
"235",20090049,"C",77,305,23.0465753424658,5.26,24.5,22,4.5,93,7.39,2,49
"236",20090079,"OG",78,327,23.6027397260274,5.37,24,29,4.89,94,7.87,3,79
"237",20090028,"C",76,310,23.1205479452055,5.19,30.5,30,4.51,99,7.56,1,28
"238",20100023,"OT",77,314,21.1013698630137,5.2,27.5,26,4.75,98,7.7,1,23
"239",20100106,"OL",78,320,21.9232876712329,4.75,32,34,4.69,101,7.58,4,106
"240",20100231,"OT",77,315,24.4547945205479,5.11,30.5,19,4.68,106,7.68,7,231
"241",20100161,"OG",76,335,23.1917808219178,5.12,32.5,27,4.9,103,7.84,5,161
"242",20100061,"OT",77,329,22.5342465753425,5.21,26,29,4.97,91,8.25,2,61
"243",20100117,"C",75,302,21.5123287671233,5.21,26,35,4.73,105,7.5,4,117
"244",20100017,"OG",77,331,22.9616438356164,5.24,27.5,27,4.93,92,7.85,1,17
"245",20100205,"OG",75,320,22.8739726027397,5.19,24,26,4.66,96,7.81,6,205
"246",20100092,"OT",75,308,22.5041095890411,5.22,26.5,33,4.51,101,7.56,3,92
"247",20100169,"OT",76,330,21.5753424657534,4.99,25,25,4.6,97,7.4,5,169
"248",20100183,"OG",75,305,21.8630136986301,5.25,29.5,35,4.82,93,7.5,6,183
"249",20100033,"OT",77,325,21.8904109589041,5.21,29.5,27,4.67,113,7.42,2,33
"250",20100187,"OG",76,310,22.9369863013699,5.03,34,26,4.71,112,7.67,6,187
"251",20100158,"C",76,295,23.1095890410959,5.15,25,27,4.62,98,7.6,5,158
"252",20100069,"OT",80,321,22.8712328767123,5.06,33.5,32,4.51,109,7.4,3,69
"253",20100080,"C",75,310,23.0958904109589,5.19,27,24,4.69,101,7.6,3,80
"254",20100208,"OT",79,310,22.8575342465753,5.42,29,29,4.8,105,7.67,7,208
"255",20100004,"OT",77,320,21.772602739726,4.81,34.5,23,4.63,113,7.64,1,4
"256",20100179,"OT",80,306,22.8438356164384,5.2,29.5,29,4.87,104,7.73,6,179
"257",20110110,"OG",77,307,23.572602739726,5.31,29,25,4.63,103,7.6,4,110
"258",20110092,"OT",77,326,23.3369863013699,5.31,29,29,4.75,103,8.27,3,92
"259",20110101,"OG",77,305,21.9835616438356,5.28,31,28,4.64,102,7.66,4,101
"260",20110117,"OT",78,330,23.3616438356164,5.21,26,25,4.81,100,7.84,4,117
"261",20110138,"OL",78,335,22.9917808219178,5.26,30.5,33,4.97,105,8.07,5,138
"262",20110022,"OT",79,311,22.7315068493151,5.21,29.5,28,4.4,105,7.25,1,22
"263",20110172,"C",76,306,22.7698630136986,5.18,28.5,26,4.43,108,7.29,6,172
"264",20110122,"OT",78,330,22.0191780821918,5.38,29,33,4.7,96,7.9,4,122
"265",20110055,"C",74,300,21.8082191780822,5.27,25.5,27,4.96,95,8.03,2,55
"266",20110210,"OG",77,299,22.5397260273973,5.27,28,25,4.65,98,7.55,7,210
"267",20110163,"OG",75,308,23.3753424657534,5.28,32.5,23,4.68,105,7.59,5,163
"268",20110168,"OT",76,315,23.1561643835616,5.18,26.5,27,4.84,97,7.84,6,168
"269",20110075,"OG",76,319,24.5150684931507,5.51,30.5,23,4.53,102,7.79,3,75
"270",20110214,"OT",78,315,23.4630136986301,5,25.5,24,5,100,7.76,7,214
"271",20110239,"OG",76,300,22.8767123287671,5.07,28,21,4.5,108,7.44,7,239
"272",20110239,"OG",76,300,22.8767123287671,5.07,28,21,4.5,108,7.44,7,239
"273",20110239,"OG",76,300,22.8767123287671,5.07,28,21,4.5,108,7.44,7,239
"274",20110239,"OG",76,300,22.8767123287671,5.07,28,21,4.5,108,7.44,7,239
"275",20110239,"OG",76,300,22.8767123287671,5.07,28,21,4.5,108,7.44,7,239
"276",20110239,"OG",76,300,22.8767123287671,5.07,28,21,4.5,108,7.44,7,239
"277",20110239,"OG",76,300,22.8767123287671,5.07,28,21,4.5,108,7.44,7,239
"278",20110239,"OG",76,300,22.8767123287671,5.07,28,21,4.5,108,7.44,7,239
"279",20110085,"OT",79,325,22.7835616438356,5.32,29.5,28,4.65,111,7.73,3,85
"280",20110201,"OT",77,312,22.7835616438356,5.18,25.5,30,4.62,98,7.73,6,201
"281",20110032,"OT",77,321,22.027397260274,5.18,28,23,4.63,97,7.43,1,32
"282",20110017,"OT",80,325,23.0575342465753,4.96,32,21,4.34,110,7.44,1,17
"283",20110161,"OG",74,300,23.572602739726,5.12,31,23,4.59,104,7.46,5,161
"284",20110023,"OG",75,310,26.4904109589041,5.36,26,29,4.62,92,7.61,1,23
"285",20110196,"OG",77,330,23.0684931506849,5.28,24.5,23,5.03,93,8.42,6,196
"286",20110203,"C",75,315,22.3479452054795,5.18,30,28,4.62,103,7.54,6,203
"287",20110048,"C",75,305,22.1150684931507,5.29,28.5,30,4.63,100,7.51,2,48
"288",20110244,"OT",78,313,22.0958904109589,5.5,29,20,4.65,95,7.74,7,244
"289",20120056,"OT",79,323,22.1452054794521,5.28,28.5,19,4.95,100,7.94,2,56
"290",20120044,"OG",76,305,22.3123287671233,5.17,27.5,26,4.9,102,8.01,2,44
"291",20120208,"OG",77,340,24.0465753424658,5.24,27,32,4.99,101,8.04,7,208
"292",20120248,"OT",75,308,22.8986301369863,5.38,28.5,19,4.8,101,7.79,7,248
"293",20120095,"OG",77,315,25.7342465753425,5.19,29.5,32,4.84,101,7.95,3,95
"294",20120108,"C",75,310,26.4301369863014,5.17,29.5,22,4.65,105,7.86,4,108
"295",20120193,"OT",77,313,22.9780821917808,5.01,30,20,4.6,108,7.59,6,193
"296",20120024,"OG",77,316,22.3041095890411,5.32,29.5,34,4.56,98,7.3,1,24
"297",20120041,"OT",78,345,22.6191780821918,5.08,23.5,31,5,93,8.13,2,41
"298",20120091,"OT",78,333,22.8164383561644,5.29,27,22,4.8,104,7.74,3,91
"299",20120099,"OG",75,308,22.8328767123288,5.35,30.5,29,4.74,105,7.95,4,99
"300",20120234,"OT",79,320,23.6575342465753,5.57,27.5,13,5.12,95,8.03,7,234
"301",20120151,"OG",75,300,21.9780821917808,5.39,25,21,4.58,101,7.77,5,151
"302",20120071,"OG",74,315,22.8328767123288,5.31,26,29,4.65,96,7.64,3,71
"303",20120112,"OT",78,317,22.7506849315069,5.18,27.5,22,4.95,103,7.7,4,112
"304",20120160,"OT",79,320,22.8219178082192,5.16,28,32,4.78,100,7.72,5,160
"305",20120131,"OG",77,318,23.3616438356164,5.14,27,30,4.78,103,7.43,4,131
"306",20120060,"OG",77,330,22.8547945205479,5.22,26.5,32,4.87,104,7.91,2,60
"307",20120221,"OT",77,295,23.9616438356164,5.26,28.5,22,4.67,100,7.49,7,221
"308",20120023,"OT",78,305,23.4164383561644,5.16,26.5,23,4.75,98,7.87,1,23
"309",20120144,"OT",78,320,22.4082191780822,5.33,27,28,4.99,100,8.15,5,144
"310",20120037,"OT",77,320,22.8986301369863,5.38,26.5,23,4.87,89,7.86,2,37
"311",20120040,"OG",76,305,23.6246575342466,5.33,31.5,28,4.87,107,7.95,2,40
"312",20120074,"OT",78,312,23.586301369863,4.94,35.5,19,4.78,114,7.52,3,74
"313",20120225,"OG",77,298,23.0657534246575,4.97,36,21,4.41,113,7.4,7,225
"314",20120179,"OG",76,324,23.1369863013699,5.44,23,16,4.8,85,7.92,6,179
"315",20120200,"OG",74,318,23.7178082191781,5.14,25,28,4.87,101,8.22,6,200
"316",20120027,"OG",76,315,22.1506849315068,5.32,29,32,4.61,101,7.77,1,27
"317",20130141,"OT",77,315,21.9041095890411,5.45,23.5,17,4.84,100,7.92,5,141
"318",20130075,"OT",77,304,21.772602739726,4.71,34.5,31,4.72,112,7.62,3,75
"319",20130109,"OT",76,310,21.5835616438356,5.18,25.5,28,4.74,101,7.7,4,109
"320",20130214,"OG",78,330,22.3890410958904,5.27,22.5,22,4.96,98,7.85,7,214
"321",20130007,"OG",74,308,23.2794520547945,5.07,27,35,4.84,108,7.78,1,7
"322",20130001,"OT",79,315,22.3178082191781,5.05,28.5,27,4.44,116,7.59,1,1
"323",20130240,"OT",80,318,22.186301369863,5.14,30,33,4.68,113,7.62,7,240
"324",20130031,"C",76,320,22.1205479452055,5.58,28.5,21,4.76,97,7.81,1,31
"325",20130227,"OT",78,315,22.8109589041096,5.33,30,28,4.75,108,7.65,7,227
"326",20130225,"OG",76,320,23.5698630136986,5.25,28,36,5.09,95,7.99,7,225
"327",20130002,"OT",78,312,21.4821917808219,5.3,28.5,27,4.68,106,7.4,1,2
"328",20130004,"OT",78,317,22.9808219178082,4.72,34,28,4.52,118,7.31,1,4
"329",20130251,"C",76,295,22.7890410958904,5.33,25.5,32,4.74,96,7.83,7,251
"330",20130108,"OG",76,325,22.6082191780822,5.31,22.2,23,4.65,105,7.72,4,108
"331",20130163,"OT",77,316,22.3506849315068,5.37,28.5,20,4.88,101,8.1,5,163
"332",20130173,"OT",76,318,23.5534246575342,4.95,30.5,32,4.56,97,7.71,6,173
"333",20130176,"OT",77,310,22.6849315068493,5.08,29.5,25,4.45,112,7.49,6,176
"334",20130107,"C",75,310,22.1095890410959,4.99,26.5,31,4.74,108,7.31,4,107
"335",20130122,"OT",76,307,22.213698630137,5.09,29.5,29,4.69,109,7.48,4,122
"336",20130168,"OT",78,310,23.5260273972603,5.17,31.5,20,4.91,101,7.94,5,168
"337",20130065,"OG",75,317,21.786301369863,5.58,22.5,28,5.1,96,7.78,3,65
"338",20130116,"OG",75,300,22.8520547945205,5.06,30,24,5,107,7.77,4,116
"339",20140035,"OT",76,305,22.5890410958904,4.97,32,22,4.44,113,7.37,2,35
"340",20140111,"C",75,308,21.8684931506849,5.18,29,42,4.66,109,8.26,4,111
"341",20140064,"OT",78,315,22.958904109589,5.19,23,23,4.69,99,8.14,2,64
"342",20140137,"OT",76,313,23.0383561643836,5.42,24,23,4.89,100,8.14,4,137
"343",20140143,"OG",76,315,23.3013698630137,5.25,27,26,4.82,99,7.95,5,143
"344",20140140,"OT",78,320,21.6904109589041,5.28,23.5,26,5,97,8.24,4,140
"345",20140193,"OG",77,316,22.6383561643836,5.16,24.5,25,5.16,98,7.87,6,193
"346",20140081,"OG",75,335,22.8383561643836,5.34,29,30,4.78,108,8.25,3,81
"347",20140019,"OT",78,307,21.9424657534247,5.34,29,22,4.56,102,7.42,1,19
"348",20140173,"OT",77,297,23.3424657534247,5.11,29,26,4.64,111,7.4,5,173
"349",20140044,"OT",79,322,20.8109589041096,5.59,27.5,21,4.84,96,7.71,2,44
"350",20140246,"OT",75,305,22.5945205479452,5.21,29,21,4.4,108,7.57,7,246
"351",20140011,"OT",79,309,22.8109589041096,4.87,30.5,29,4.49,116,7.39,1,11
"352",20140016,"OT",76,315,23.4794520547945,5.22,28,29,4.59,104,7.65,1,16
"353",20140006,"OT",77,309,22.2520547945205,5.07,30.5,24,4.47,104,7.34,1,6
"354",20140059,"OT",78,305,22.6191780821918,5.37,26,28,4.64,100,7.79,2,59
"355",20140207,"C",75,300,24.586301369863,5.34,26,23,4.46,102,7.6,6,207
"356",20140153,"OG",77,329,23.3780821917808,5.36,25.5,25,4.83,90,7.7,5,153
"357",20140043,"C",76,300,22.8465753424658,5.1,25.5,25,4.63,104,7.93,2,43
"358",20140002,"OT",77,332,21.558904109589,4.92,28.5,32,4.86,112,7.8,1,2
"359",20140033,"OG",76,310,23.3643835616438,5.04,25,25,4.44,101,7.6,2,33
"360",20140076,"C",77,304,23.2849315068493,5.28,26,20,4.65,93,7.73,3,76
"361",20140100,"OT",75,317,23.2328767123288,5.09,29,35,4.83,98,8.13,3,100
"362",20140067,"OT",77,310,22.572602739726,5.16,28,25,4.71,108,7.92,3,67
"363",20140175,"OG",75,300,22.8876712328767,5.31,29,30,4.47,101,7.55,5,175
"364",20140145,"OG",78,315,22.3178082191781,5.48,28.5,22,4.86,102,7.81,5,145
"365",20150244,"OG",80,355,22.0602739726027,5.29,23.5,20,4.78,97,8.23,7,244
"366",20150110,"OL",77,309,23.4630136986301,5.14,32.5,22,4.54,111,7.68,4,110
"367",20150119,"OL",78,310,23.172602739726,5.31,32,17,4.77,101,7.84,4,119
"368",20150114,"OL",76,308,23.1835616438356,5.25,29,28,4.75,99,7.99,4,114
"369",20150019,"OT",77,313,22.6986301369863,5.15,30.5,30,4.63,112,7.48,1,19
"370",20150208,"C",74,306,23.613698630137,5.5,27,29,4.58,96,7.66,6,208
"371",20150243,"OL",78,300,24.1315068493151,5.04,33.5,24,4.56,113,7.72,7,243
"372",20150134,"OL",76,310,23.0054794520548,5.2,29.5,31,4.58,113,7.56,4,134
"373",20150091,"OL",77,316,23.0739726027397,5.16,29.5,21,4.7,106,8,3,91
"374",20150152,"OL",76,330,23.3616438356164,5.19,29.5,26,4.62,102,7.51,5,152
"375",20150057,"OL",80,328,22.9780821917808,5.46,28.5,16,4.87,96,8.28,2,57
"376",20150024,"OT",77,307,21.3506849315068,5.12,31,26,4.64,104,7.87,1,24
"377",20150061,"C",76,307,22.0493150684932,4.98,30.5,30,4.47,108,7.33,2,61
"378",20150081,"OG",75,315,21.7287671232877,5.33,27,29,4.75,104,8.2,3,81
"379",20150049,"OL",78,305,23.0383561643836,5.14,31,36,4.5,112,7.6,2,49
"380",20150130,"OT",77,300,23.186301369863,5.09,31,25,4.66,113,7.9,4,130
"381",20150066,"OT",77,330,20.7424657534247,5.32,26.5,26,4.89,95,8.09,3,66
"382",20150059,"OL",77,315,23.1534246575342,5.36,29,23,4.58,97,7.54,2,59
"383",20150228,"OT",76,327,22.9369863013699,5.39,29,17,4.7,94,8.04,7,228
"384",20150034,"OT",78,338,21.8657534246575,5.27,32,26,4.79,109,7.95,2,34
"385",20150028,"OG",75,312,23.2356164383562,5.33,31.5,25,4.87,103,8.17,1,28
"386",20160234,"OG",77,326,22.1150684931507,5.57,24,25,4.9,95,8.04,7,234
"387",20160121,"OT",77,322,22.586301369863,5.28,25.5,20,4.71,103,7.96,4,121
"388",20160248,"C",75,300,23.8821917808219,5.36,27.5,29,4.53,99,7.52,7,248
"389",20160128,"C",75,310,22.7068493150685,5.33,28.5,24,4.69,96,7.52,4,128
"390",20160030,"OG",76,330,21.8876712328767,5.33,29.5,26,4.76,104,7.82,1,30
"391",20160008,"OT",78,308,21.7123287671233,5,30,25,4.57,103,7.63,1,8
"392",20160174,"OT",77,311,23.0109589041096,5.17,25,19,4.89,102,7.85,5,174
"393",20160151,"OG",76,305,23.0684931506849,5.18,31,28,4.77,109,7.64,5,151
"394",20160016,"OT",79,311,21.6958904109589,5.23,29,20,4.76,101,7.7,1,16
"395",20160168,"OG",78,315,23.5506849315069,5.27,27,30,4.66,100,7.88,5,168
"396",20160028,"OG",77,321,22.1972602739726,5.32,29,30,4.64,99,7.62,1,28
"397",20160095,"C",78,308,23.7068493150685,5.13,25,23,4.63,106,7.63,3,95
"398",20160123,"OT",78,305,22.5479452054795,5.23,23.5,23,4.89,100,8.19,4,123
"399",20160018,"C",76,309,22.9287671232877,5.03,30,26,4.59,103,7.58,1,18
"400",20160130,"OT",78,315,24.0356164383562,5.22,29.5,27,4.72,100,7.94,4,130
"401",20160050,"C",77,300,23.013698630137,5.22,28,28,4.72,97,7.57,2,50
"402",20160144,"OG",76,306,23.0191780821918,5.11,33,33,4.65,109,7.5,5,144
"403",20160048,"OT",78,301,21.9643835616438,4.94,31.5,31,4.44,115,7.7,2,48
"404",20160078,"OG",77,305,23.4575342465753,4.95,28.5,28,4.54,110,7.47,3,78
"405",20160170,"OT",77,300,22.1424657534247,5.32,26,22,4.59,103,7.88,5,170
"406",20160193,"OG",76,314,24.0082191780822,5.45,23.5,22,5.02,90,7.94,6,193
"407",20160164,"OT",78,320,22.8821917808219,5.26,29,23,5,113,8.26,5,164
"408",20160056,"OG",75,310,23.813698630137,5.02,25.5,16,4.58,110,7.32,2,56
"409",20170164,"OG",75,341,24.3452054794521,5.34,25.5,35,4.93,102,7.83,5,164
"410",20170137,"OT",81,358,23.3561643835616,5.58,23.5,22,5.21,92,8.31,4,137
"411",20170200,"OT",77,310,23.386301369863,5.23,29.5,23,4.94,96,8.02,6,200
"412",20170130,"OT",79,315,22.3150684931507,5.45,27,18,4.69,106,7.57,4,130
"413",20170063,"OT",77,320,23.0219178082192,5.11,26,26,4.78,106,7.3,2,63
"414",20170070,"C",75,303,22.827397260274,5.32,23.5,22,4.71,99,7.94,3,70
"415",20170071,"OG",76,310,22.9315068493151,5.24,28,26,4.68,101,7.52,3,71
"416",20170243,"OG",77,315,23.1671232876712,5.24,26,23,4.84,96,7.71,7,243
"417",20170085,"OT",79,302,23.3972602739726,5.15,31,24,4.94,108,7.98,3,85
"418",20170136,"OG",76,284,22.1013698630137,5.15,30.5,26,4.81,105,8.16,4,136
"419",20170180,"OG",75,306,22.9123287671233,5.03,29,26,4.9,94,8.13,5,180
"420",20170115,"OG",77,305,22.5342465753425,5.27,30,21,5.09,114,8.39,4,115
"421",20170038,"OG",76,310,23.1972602739726,5,27.5,34,4.62,111,7.55,2,38
"422",20170217,"OG",76,307,22.7260273972603,5.16,26.5,26,4.73,106,7.55,6,217
"423",20170147,"OG",75,311,24.9753424657534,5.36,27,21,4.73,102,8.13,5,147
"424",20170064,"OT",77,325,22.7095890410959,5.18,30.5,23,4.58,109,7.73,2,64
"425",20170058,"C",78,309,21.7452054794521,5.15,27,26,4.81,107,7.89,2,58
"426",20170199,"C",76,317,23.6958904109589,5.54,26.5,19,4.47,97,7.6,6,199
"427",20170129,"OT",78,343,21.5342465753425,5.44,20.5,19,4.78,97,7.87,4,129
"428",20170122,"OG",76,320,22.9835616438356,5.35,32,28,4.56,110,7.71,4,122
"429",20170190,"OT",77,315,22.4657534246575,5.27,26,15,4.6,107,7.84,6,190
"430",20180111,"C",74,302,22.5643835616438,5.34,26.5,27,4.71,99,7.81,4,111
"431",20180083,"OT",70,345,22.0054794520548,5.85,19.5,14,5.38,82,7.87,3,83
"432",20180094,"OG",79,305,23.2684931506849,5.39,26.5,24,4.84,97,8.04,3,94
"433",20180245,"C",77,314,21.6219178082192,5.39,29,25,4.92,97,8.04,7,245
"434",20180097,"C",77,292,22.1013698630137,5.23,23.5,23,4.78,104,7.77,3,97
"435",20180033,"OG",76,305,22.3808219178082,5.15,28,19,4.5,106,7.87,2,33
"436",20180153,"OG",77,310,22.6630136986301,5.23,30,17,4.77,105,7.89,5,153
"437",20180192,"OG",77,335,21.8712328767123,5.58,23.5,17,4.95,98,7.86,6,192
"438",20180213,"OG",68,311,22.8657534246575,5.2,25,32,4.83,103,7.6,6,213
"439",20180034,"OG",75,330,22.6712328767123,5.15,24,37,4.7,104,7.59,2,34
"440",20180183,"C",77,290,22.2,5.32,27,28,4.86,101,7.92,6,183
"441",20180138,"OG",77,314,23.372602739726,5.33,28.5,26,4.88,97,7.86,5,138
"442",20180198,"OG",75,320,21.3315068493151,5.15,29.5,26,4.68,105,7.94,6,198
"443",20180155,"C",75,288,23.1178082191781,5.09,33.5,25,4.69,111,7.5,5,155
"444",20180166,"OG",77,315,23.4520547945205,5.24,29,30,4.84,114,7.45,5,166
